[
  {
    "img": "https://www.appfutura.com/uploads/images/cache/dd7fe63d8975781a91db46f9a96fdd551582543544_150_150.png",
    "companyName": "Netpower AS",
    "location": " Vietnam, Hồ Chí Minh, Ho Chi Minh City",
    "linkWebsite": "https://www.netpower.vn/",
    "description": "We are a software company based in Vietnam, Ho Chi Minh City with headquarter in Norway and subsidiaries in America.\nWe are expertise in:\n\n- Web/Mobile application development\n- E-commerce solutions with multi-platform (especially Magento)\n- Offshore Development Center (dedicated team in Viet Nam)\n\nPlease contact me if you interested in\n+ Email: tuan.mai@netpower.no\n+ Skype: live:fb67ab579744ed59\n+ WhatsApp: +84387544066\nhttps://www.netpower.vn/",
    "services": [
      "App Development Company",
      "SEO Company",
      "Web Developer"
    ],
    "portfolios": []
  },
  {
    "img": "https://www.appfutura.com/uploads/images/cache/eae5f6ef61611504a81b3fe001777bf71408759103_150_150.jpg",
    "companyName": "ZENYM CO.,LTD",
    "location": " Vietnam, Hồ Chí Minh, Ho Chi Minh City",
    "linkWebsite": "http://zenym.com/",
    "description": "A game studio located in Le Dai Hanh, Ward 15, District 11 VIetnam.",
    "services": [
      "App Development Company",
      "Web Developer",
      "Windows App Development Company",
      "Android App Development Company",
      "iPad App Development Company",
      "iOS App Development Company",
      "iPhone App Development Company",
      "Mobile Game App Development Company"
    ],
    "portfolios": []
  },
  {
    "img": "https://www.appfutura.com/uploads/images/cache/9bd7a70e21a2310b7734deaccd4214f01581399846_150_150.png",
    "companyName": "Axon Active",
    "location": " Vietnam, Hồ Chí Minh, Tân Bình",
    "linkWebsite": "https://www.axonactive.com/?utm_source=AppFutura&utm_medium=Link&utm_campaign=AppFutura",
    "description": "Axon Active is a Swiss offshore software development company with strong expertise in Agile software development and a large portfolio of successful international projects, ranging from small businesses to highly complex multi-platform systems for large corporate clients. We builds solid partnerships with our clients by assembling tailored development teams who deliver high-quality, innovative solutions at a very competitive price for your custom software development.",
    "services": [
      "App Development Company",
      "Web Developer",
      "Web Design Company",
      "Software Development Company",
      "Android App Development Company",
      "iOS App Development Company",
      "iPhone App Development Company",
      "iPad App Development Company",
      "Cross Platform App Development Company",
      "React Native App Development Company",
      "Wearable Developer",
      "PHP Developer",
      "Wordpress Developer",
      "Drupal Developer",
      "Magento Developer",
      "Shopify Developer",
      "UX design Company",
      "Graphic Design Company",
      "Logo Design Company",
      "Design Company",
      "Internet of Things (IoT) Developer",
      "Machine Learning Company",
      "Artificial Intelligence Company",
      "Cloud Computing Company"
    ],
    "portfolios": []
  },
  {
    "img": "https://www.appfutura.com/uploads/images/cache/605260f8ad68e077f51ba4754eb95edd1640948149_150_150.png",
    "companyName": "Twendee Software Company",
    "location": " Vietnam, Hà Nội, Hanoi",
    "linkWebsite": "https://twendeesoft.com/",
    "description": "Twendee is a global full-cycle software development company with experience seniors and a focus on the latest technologies. Since 11/2018, we have been helping companies achieve their goals with impactful, industry-specific software solutions.\n\nWe have 20+ Vietnamese developers working on multiple domains like Healthcare, Education Technology, Sport, Media & Entertainment, Manufacturing, ...\n\nWe have developed various application backed by scalable technologies such as Java, JavaScript, React js, React Native, PHP, NodeJS, Nginx, Oracle, MongoDB, MySQL, Docker,...",
    "services": [
      "App Development Company",
      "Web Developer",
      "Software Development Company",
      "Android App Development Company",
      "iOS App Development Company",
      "Cross Platform App Development Company",
      "React Native App Development Company",
      "Windows App Development Company",
      "Enterprise App Development Company",
      "Health & Wellness App Development Company",
      "PHP Developer",
      "Wordpress Developer",
      "Drupal Developer",
      "Magento Developer",
      "Shopify Developer",
      "Internet of Things (IoT) Developer",
      "Blockchain Developer",
      "IT Consulting Company",
      "Cloud Computing Company"
    ],
    "portfolios": []
  },
  {
    "img": "https://www.appfutura.com/uploads/images/cache/98474c7c79b6000dcc1f99c07f6cceba_150_150.jpg",
    "companyName": "peafone",
    "location": " Vietnam, Hà Nội, Hanoi",
    "linkWebsite": "http://peafone.com/",
    "description": "We are developer Web, Apps and Games on mobile",
    "services": [
      "App Development Company",
      "Web Developer",
      "Windows App Development Company",
      "Android App Development Company",
      "iPad App Development Company",
      "iOS App Development Company",
      "iPhone App Development Company",
      "Mobile Game App Development Company"
    ],
    "portfolios": []
  },
  {
    "img": "https://www.appfutura.com/uploads/images/cache/2f30c7b9017c12cdde69ec96992b01261548334047_150_150.png",
    "companyName": "NexleCorporation",
    "location": " Vietnam, Hồ Chí Minh, Ho Chi Minh City",
    "linkWebsite": "http://www.nexlesoft.com/",
    "description": "Nexle is a software outsourcing company in Vietnam. We provide Web, Mobile application development and software testing services across different industries. With more than 15 years active in providing offshore development services as independent consultants, we provide software application services to support our clients throughout the entire life cycle of their software products. We provide assistance with scoping and technical specification development, offering technical and business insights gained from our previous projects, design and develop custom software applications and integrate them with legacy and third-party systems and services",
    "services": [
      "App Development Company",
      "Web Design Company",
      "Web Developer",
      "Android App Development Company",
      "iPad App Development Company",
      "iOS App Development Company",
      "iPhone App Development Company",
      "UX design Company"
    ],
    "portfolios": []
  },
  {
    "img": "https://www.appfutura.com/uploads/images/cache/53f1afaa667c43c7d906e83ce863407f_150_150.jpg",
    "companyName": "NewWaveSolutions",
    "location": " Vietnam, Hà Nội, Hanoi",
    "linkWebsite": "http://newwave.vn/",
    "description": "NEWWAVE SOLUTIONS is a Vietnam based software solutions provider and software outsourcing company that focuses on highly qualitative, timely delivered and cost-effective offshore software development. We have developed a range of solutions and gained ample experience in the services we offer: Custom Software Development, Mobile Application development, Software Outsourcing and Software Package Maintenance. Our specialists have been providing software development services for multiple clients from Vietnam and Japan.",
    "services": [
      "App Development Company",
      "Web Developer",
      "Android App Development Company",
      "iPad App Development Company",
      "iOS App Development Company",
      "iPhone App Development Company",
      "PHP Developer"
    ],
    "portfolios": []
  },
  {
    "img": "https://www.appfutura.com/uploads/images/cache/b7103fa56f6dd8f7b4cf6bfade50efdb_150_150.png",
    "companyName": "QSoft Vietnam",
    "location": " Vietnam, Hà Nội, Hanoi",
    "linkWebsite": "http://www.qsoftvietnam.com/",
    "description": "A CMMI Maturity Level 3 company. Founded in 2005, QSoft Vietnam quickly defines its stand as one of the leading Software Development and Website Design Company (link is external) in Vietnam. Our experience, expertise, best-equipped facility, professional management and commitment have been bringing our customers utmost satisfaction and in return rewarded us with rapid and sustainable growths over the past 5 years. Being based in Hanoi Vietnam, QSoft Vietnam successfully thrives in a growing and competitive hi-tech market as a top ranked software development company, software outsourcing service provider, and cost-effective website design firm. QSoft Vietnam provides you with premium and comprehensive solutions in Offshore Outsourcing Development Service, Software Development, Custom Website Design and Mobile Application Development",
    "services": [
      "Web Developer",
      "App Development Company",
      "iPad App Development Company",
      "iOS App Development Company",
      "iPhone App Development Company",
      "Android App Development Company"
    ],
    "portfolios": []
  },
  {
    "img": "https://www.appfutura.com/uploads/images/cache/49670e708fb39250808261fa64ac647b1542799748_150_150.jpg",
    "companyName": "LARIONComputing",
    "location": " Vietnam, Hồ Chí Minh, Ho Chi Minh City",
    "linkWebsite": "https://larion.com/",
    "description": "Founded in 2003, LARION Computing is the very competent software outsourcing company. We have been successful in outsourcing services and notably in Ruby on Rails, C on Linux and .NET. We are a global Software Development firm providing services to clients spread across 10 countries. The company' s mission is to strive for fulfilling individual and organizational needs throughout the world. We commit that LARION Computing's partners and customers will get the highest satisfaction when doing business with us.\nService Description",
    "services": [
      "App Development Company",
      "iPad App Development Company",
      "iOS App Development Company",
      "iPhone App Development Company",
      "Cross Platform App Development Company",
      "Windows App Development Company"
    ],
    "portfolios": []
  },
  {
    "img": "https://www.appfutura.com/uploads/images/cache/56dd425e08047a1def0ec30593f6c53c1548070252_150_150.png",
    "companyName": "VietsoftwareInternational",
    "location": " Vietnam, Hà Nội, Hanoi",
    "linkWebsite": "https://vsi-international.com/",
    "description": "VietSoftware International (often referred to as VSII), established in 2006, is one of the leading software outsourcing companies in Vietnam. Internationally, VSII has been a trusted supplier to IBM for many years.\nFor more information, please visit us at www.vsi-international.com",
    "services": [
      "App Development Company",
      "Web Developer",
      "Software Development Company",
      "Windows App Development Company",
      "iPad App Development Company",
      "iOS App Development Company",
      "iPhone App Development Company",
      "Blockchain Developer"
    ],
    "portfolios": []
  },
  {
    "img": "https://www.appfutura.com/uploads/images/cache/27b076afbcb7ee4c6027a8414aa8503f1547555302_150_150.jpg",
    "companyName": "Orient Software",
    "location": " Vietnam, Ho Hai",
    "linkWebsite": "http://www.orientsoftware.net/",
    "description": "Although it may seem hard to believe, the number of mobile phones being used is approximately equal to the number of people on our planet. This means there is a huge market for mobile apps. Is your company doing all it can be take advantage of this tremendous opportunity?\n\nThe expert mobile app developers at Orient Software are fully prepared to guide you and your company every step of the way. Read on to learn about our experience developing apps for the iPhone, iPad, Android, BlackBerry, Windows Phone, and mobile web platforms.",
    "services": [
      "App Development Company",
      "Web Developer",
      "Windows App Development Company",
      "Cross Platform App Development Company",
      "Android App Development Company",
      "iPad App Development Company",
      "iOS App Development Company",
      "iPhone App Development Company",
      "PHP Developer"
    ],
    "portfolios": []
  },
  {
    "img": "https://www.appfutura.com/uploads/images/cache/3b630a9b841214a6adc09c5ac7fe47081393254570_150_150.jpg",
    "companyName": "Itsy Bits",
    "location": " Vietnam, Hồ Chí Minh, Ho Chi Minh City",
    "linkWebsite": "http://www.itsybits.net/",
    "description": "Mobile and Tablet Application development provides another dynamic side to your business by interacting with your clients on new digital platforms. The rapid expansion of digital innovation means applications for mobile phones and tablets are the new frontier. They have redefined interaction and usability, and can do the same for your business. Mobile and tablet applications put your clients in instant access with your project or product in an inclusive and engaging way.",
    "services": [
      "App Development Company",
      "Android App Development Company",
      "iPad App Development Company",
      "iOS App Development Company",
      "iPhone App Development Company",
      "Windows App Development Company"
    ],
    "portfolios": []
  },
  {
    "img": "https://www.appfutura.com/uploads/images/cache/3554bc863fa70f6f81173984490a849a1399283221_150_150.jpg",
    "companyName": "Sutrix Media",
    "location": " Vietnam, Hồ Chí Minh, Ho Chi Minh City",
    "linkWebsite": "http://sutrixmedia.com/",
    "description": "Sutrix Media builds web & mobile applications for digital agencies in US, Europe and APAC. We have long term partnerships with onshore digital agencies in USA, France, Australia, Denmark & Finland who continually sends projects for development. We offer our clients flexible engagement models that are billed on a project basis or as a retained dedicated team.\n\nOur Mobile developers write native code for iOS, Android & Window Phone. We can develop for both phone and tablets in these platforms. We can also use cross-platform frameworks such as Phonegap for simple mobile applications.",
    "services": [
      "App Development Company",
      "Web Developer",
      "iPad App Development Company",
      "iOS App Development Company",
      "Windows App Development Company",
      "iPhone App Development Company",
      "Android App Development Company"
    ],
    "portfolios": []
  },
  {
    "img": "https://www.appfutura.com/uploads/images/cache/3f5a81d9b29ec5a9f181fcadbf077aa51418919837_150_150.png",
    "companyName": "BH Tech",
    "location": " Vietnam, Hà Nội, Hanoi",
    "linkWebsite": "http://bhtech.com.vn/",
    "description": "Bac Ha Technology Co. Ltd. (BHTech) was established in 2002. The company has been focusing on software development of construction projects in domestic market for the first ten years.\n\nIn the summer of 2012, there was an opportunity to build up a team with a reliable partner based on a long-term relationship between the Chairmans of BHTech and VIANOVA. BHTech started with its on-going projects and the new one as team building service. This is a new idea in software-development service with foreigner customers.\nIn May 2013, BHTech drives forward to the software development service based on team building service and it turns to be a main strategy of the company. Our main customer is Vianova System Finland Oy. Additionally, BHTech has other customers from EU and US.\nIn the end of 2014, BHTech International and BHTech Mobile was established. It is a start of the BHTech Ecosystem.",
    "services": [
      "App Development Company",
      "Web Developer",
      "iPad App Development Company",
      "iOS App Development Company",
      "iPhone App Development Company",
      "Android App Development Company",
      "PHP Developer"
    ],
    "portfolios": []
  },
  {
    "img": "https://www.appfutura.com/uploads/images/cache/e2082753d851e5dfe3c0810da8f549081541767920_150_150.png",
    "companyName": "Lotus App",
    "location": " Vietnam, Hồ Chí Minh, Ho Chi Minh City",
    "linkWebsite": "http://lotusapp.vn/",
    "description": "We focus on Xamarin technology from Microsoft: code once, and run on iOS, Android & Windows phones. Saving & enjoy native performance !",
    "services": [
      "App Development Company",
      "iPad App Development Company",
      "iOS App Development Company",
      "iPhone App Development Company",
      "Cross Platform App Development Company",
      "Android App Development Company"
    ],
    "portfolios": []
  },
  {
    "img": "https://www.appfutura.com/uploads/images/cache/2d791b501d280a6f8458d689cd9be7f51543340215_150_150.png",
    "companyName": "Verztec",
    "location": " Vietnam, Hồ Chí Minh, Ho Chi Minh City",
    "linkWebsite": "http://www.verztec.com/",
    "description": "We are Verztec a leading ISO 9001:2008 Global Content Consulting Company. Verztec assists companies around the Globe to design, develop, localize and publish their global communication messages in over 100 languages across various channels.\n\nRecently we have hired highly professional team of graphic designers, web, software and mobile application developers to be able to provide high quality, fast and long-term services to our existing and potential clients all over the World. In addition, we are highly experienced in any kinds of localization, such as software, mobile application and other types of multimedia.\n\nOur rates for the above said products and services are more than reasonable, if compare with our competitors, but our quality and lead time will satisfied the most exacting customer due to our strict company’s policy and huge experience in cooperation with such big companies as: Google, Intel, IBM, Dell, HP, BMW, VOLVO, GM, P&G, Unilever, SONY, SAMSUNG, MasterCard and many",
    "services": [
      "App Development Company",
      "Web Developer",
      "Web Design Company",
      "iPhone App Development Company",
      "Windows App Development Company",
      "Android App Development Company",
      "iPad App Development Company",
      "iOS App Development Company",
      "Graphic Design Company"
    ],
    "portfolios": []
  },
  {
    "img": "https://www.appfutura.com/uploads/images/cache/90b3bdeb6fbc3191beda6f906a1349211456373207_150_150.jpg",
    "companyName": "Saigon Technology Solutions",
    "location": " Vietnam, Hồ Chí Minh, Ho Chi Minh City",
    "linkWebsite": "http://www.saigontechnology.vn/",
    "description": "Saigon Technology Software is a Vietnam software development company, established in 2010, located in center of Ho Chi Minh City, Vietnam.\nWe focus on delivering the best and most cost-effective solutions to our clients in areas such as e-finance, e-business, healthcare, and media.\nCombining proven expertise in technology, and domain expertise, we deliver a wide range of software outsourcing services that includes:\n\nCustom Application Development\nSoftware Outsourcing Services\nWeb Application Development\nMobile Application Development\nOffshore Software Development\n\nSaigon Technology Software has very strong expertise in ASP.NET, AngularJS, NodeJS, iOS, Android applications development.\n\nSaigon Technology Software is specialized in providing professional Offshore Software Development & Software Development Outsourcing Services based on the Offshore Development Center .",
    "services": [
      "App Development Company",
      "Web Developer",
      "Android App Development Company",
      "iOS App Development Company"
    ],
    "portfolios": []
  },
  {
    "img": "https://www.appfutura.com/uploads/images/cache/9bd44ec5481b42a051ffef17c749172e1480911566_150_150.jpg",
    "companyName": "Success Software Services",
    "location": " Vietnam, Hồ Chí Minh, Ho Chi Minh City",
    "linkWebsite": "http://success-ss.com/",
    "description": "- With 50++ software engineers based in HCM City - Vietnam, we provide software services for enterprises in form of web development and mobile, especially with our strong expertise in healthcare, education, real estate and construction, retail and e-commerce.\n- We are the youngest company in Vietnam certified CMMI level 3, an international quality management standard, among other 30 IT companies totally in Vietnam certified this standard (https://sas.cmmiinstitute.com/pars/pars.aspx - please filter by Vietnam)\n- We are recommended by Gartner as a software company to partner with in Vietnam (based on the report: \"Leading Offshore Services Locations in Asia/Pacific, 2015: Smaller Countries Gain Traction”)\n- Just October last year, we had been awarded by VNITO (the biggest Vietnam IT Outsourcing Alliance, www.vnito.org) as one of the top 33 IT outsourcing companies in Vietnam that had outstanding performance in 2015.\n- More than 50 successful projects in Netherlands, North America.",
    "services": [
      "App Development Company",
      "Web Developer",
      "iOS App Development Company",
      "iPhone App Development Company",
      "PHP Developer",
      "Wordpress Developer",
      "Drupal Developer"
    ],
    "portfolios": []
  },
  {
    "img": "https://www.appfutura.com/uploads/images/cache/960e7f4106829fcc6dc1ab34a228c8ae1540917011_150_150.jpg",
    "companyName": "BeeSight Soft",
    "location": " Vietnam, Hồ Chí Minh, Tân Bình",
    "linkWebsite": "http://beesightsoft.com/",
    "description": "Founded since 2011 by young and passionate technologists. Beesight Soft has started by innovative passion \"together makes perfect\". Since the, Beesight Soft has been initially successful in providing high quality outsourcing services, creating reputation for many domestic and foreign enterprises. Beesight Soft will grow with continuous efforts to explore the needs and build the best solutions for your business within reasonable budget.",
    "services": [
      "App Development Company",
      "Web Developer",
      "Android App Development Company",
      "iOS App Development Company",
      "iPhone App Development Company",
      "iPad App Development Company",
      "Cross Platform App Development Company",
      "PHP Developer",
      "Wordpress Developer"
    ],
    "portfolios": []
  },
  {
    "img": "https://www.appfutura.com/uploads/images/cache/9722c4799b1f68fce69a421ef17c3b2e1515906811_150_150.png",
    "companyName": "3FORCOM",
    "location": " Vietnam, Hồ Chí Minh, Chí Hòa",
    "linkWebsite": "https://www.3forcom.com/solutions/mobile-application/",
    "description": "3FORCOM is an international IT partner, established since 2008. We provide web and mobile app design & development service, using Swift, Objective-C, Java, PHP, ASP.NET and a varieties of technical choices for database and analytics.\nOur team has more than 40 members: developers, designers, business analysts, testers, client account managers and a network of experienced consultants to help you unleash your business with useful applications.\nOur production house is located in district 10, Ho Chi Minh city, Vietnam.",
    "services": [
      "App Development Company",
      "Web Developer",
      "Digital Marketing Company",
      "Android App Development Company",
      "iOS App Development Company",
      "Cross Platform App Development Company",
      "Software Testing Company"
    ],
    "portfolios": []
  },
  {
    "img": "https://www.appfutura.com/uploads/images/cache/68c5fe730dad19938d6bb9d7144d99ea1520957633_150_150.png",
    "companyName": "Relia Software",
    "location": " Vietnam, Hồ Chí Minh, Ho Chi Minh City",
    "linkWebsite": "https://reliasoftware.com/",
    "description": "Relia is a complete product development shop from initial concept or idea to live product and application. We also process in-house DevOps and QA experts to ensure one stop solution to our clientele.\n\nWe build apps for startups and enterprises which ensure scalability, robustness and top-notch user experiences. We have built more than 300+ apps since 2011 for both web and mobile platforms varying over 10+ industries gives us the edge over our competition and a perfect product delivered to our clients",
    "services": [
      "App Development Company",
      "Software Development Company",
      "Web Developer",
      "Android App Development Company",
      "iOS App Development Company",
      "iPhone App Development Company",
      "iPad App Development Company",
      "Cross Platform App Development Company",
      "React Native App Development Company",
      "Wearable Developer",
      "Enterprise App Development Company",
      "Education App Development Company",
      "Health & Wellness App Development Company",
      "Internet of Things (IoT) Developer",
      "VR & AR Developer"
    ],
    "portfolios": []
  },
  {
    "img": "https://www.appfutura.com/uploads/images/cache/7c7c638968dfae1b2c8a0980e9417b8f1540998853_150_150.png",
    "companyName": "Savvycom JSC",
    "location": " Vietnam, Hà Nội, Hanoi",
    "linkWebsite": "https://savvycomsoftware.com/",
    "description": "Vietnam’s Most Trusted App Developer and Tech Co-Founders. We make apps successful by providing more than just development. We help market, scale and improve your app idea, effectively acting as an extended CTO. Founded in 2009 by a small team of passionate, Savvycom now has a balanced blend of technology skills and domain knowledge of seasoned IT professionals, powered by passion for IT.",
    "services": [
      "App Development Company",
      "Software Development Company",
      "Web Developer",
      "Android App Development Company",
      "iOS App Development Company",
      "Cross Platform App Development Company",
      "Wearable Developer",
      "Health & Wellness App Development Company",
      "Social Media Developer",
      "Internet of Things (IoT) Developer"
    ],
    "portfolios": []
  },
  {
    "img": "https://www.appfutura.com/uploads/images/cache/705e9273a8e2c7306a06ba72145868081528599681_150_150.png",
    "companyName": "TP&P Technology",
    "location": " Vietnam, Hồ Chí Minh, Ho Chi Minh City",
    "linkWebsite": "http://www.tpptechnology.com/",
    "description": "TP&P Technology is a leading offshore IT service provider in Ho Chi Minh City, the Silicon Valley of Vietnam. TP&P provide specialized expertise across a broad range of services: Software development and IT infrastructure management, web and mobile app development service, and Business Solutions Consulting and deployment.\n\nTP&P’s management group is among the most accomplished in the industry, who are former co-founders of leading IT corporates in Viet Nam.\n\nWe aim to build the most creative, dynamic and collaborate environment in which the employees are highly motivated by giving appropriated autonomy to innovate and apply into works at the most effective, efficient and professional manner.",
    "services": [
      "App Development Company",
      "Software Development Company",
      "Web Developer",
      "Android App Development Company",
      "iOS App Development Company",
      "iPhone App Development Company",
      "iPad App Development Company",
      "Cross Platform App Development Company",
      "React Native App Development Company",
      "Wearable Developer",
      "Enterprise App Development Company",
      "Education App Development Company",
      "Social Media Developer",
      "Internet of Things (IoT) Developer"
    ],
    "portfolios": []
  },
  {
    "img": "https://www.appfutura.com/uploads/images/cache/1a0db8cfdf62d96c81a0423dcc36224b1543466957_150_150.jpg",
    "companyName": "Designveloper",
    "location": " Vietnam, Hồ Chí Minh, Ða Kao",
    "linkWebsite": "https://www.designveloper.com/?utm_source=AppFutura&utm_medium=Link&utm_campaign=AppFutura",
    "description": "We are a leading software development company in Vietnam.  We build enterprise web apps, mobile apps, eCommerce, SaaS, VOIP system, UX/UI design for startups and large companies.",
    "services": [
      "App Development Company",
      "Software Development Company",
      "Web Developer",
      "Android App Development Company",
      "iOS App Development Company",
      "iPhone App Development Company",
      "iPad App Development Company",
      "Cross Platform App Development Company",
      "React Native App Development Company",
      "Enterprise App Development Company",
      "Blockchain Developer"
    ],
    "portfolios": []
  },
  {
    "img": "https://www.appfutura.com/uploads/images/cache/477e68317a189371c4f0ca126b275f4a1561615519_150_150.png",
    "companyName": "Siclo",
    "location": " Vietnam, Hồ Chí Minh, Bình Thanh",
    "linkWebsite": "https://www.siclo-mobile.com/?utm_source=AppFutura&utm_medium=Link&utm_campaign=AppFutura",
    "description": "Siclo Mobile is the top qualified application development studio in Ho Chi Minh City, being established in both Vietnam and France and working internationally.\nWe code and design both professional websites and mobile applications ; our mission is to listen to our partners' ideas and shape them into fully functional digital products. We also share our expertise through various types of audits.",
    "services": [
      "Software Development Company",
      "App Development Company",
      "Web Developer",
      "Design Company",
      "UX design Company",
      "Branding Company",
      "Android App Development Company",
      "iOS App Development Company"
    ],
    "portfolios": []
  },
  {
    "img": "https://www.appfutura.com/uploads/images/cache/e251bc1780370db90f33b431e044c6551581410370_150_150.jpg",
    "companyName": "NNG",
    "location": " Vietnam, Hồ Chí Minh, Ða Kao",
    "linkWebsite": "http://www.nng.bz/",
    "description": "NNG is a team of talented developers, designers, and marketers located in Ho Chi Minh City, Vietnam. Our company formed due to increasing demand and growth of the IT sector around the world and for the love of technology. Our company's founders are western educated and our clientele spans around the globe from North America, Europe, and to Asia.",
    "services": [
      "App Development Company",
      "Web Developer",
      "Digital Marketing Company",
      "Software Development Company",
      "Android App Development Company",
      "iOS App Development Company",
      "iPhone App Development Company",
      "iPad App Development Company",
      "Cross Platform App Development Company",
      "React Native App Development Company",
      "Windows App Development Company",
      "PHP Developer",
      "Magento Developer",
      "Social Media Marketing Company",
      "Software Testing Company",
      "Internet of Things (IoT) Developer",
      "Machine Learning Company",
      "Artificial Intelligence Company",
      "IT Consulting Company"
    ],
    "portfolios": []
  },
  {
    "img": "https://www.appfutura.com/uploads/images/cache/58bd767dfb55de6719af10d860013a171594978925_150_150.jpg",
    "companyName": "株式会社HBLAB",
    "location": " Vietnam, Hà Nội, Hanoi",
    "linkWebsite": "https://hblab.co.jp/",
    "description": "HBLAB Co., Ltd. is an offshore company which has excellent staff and much experiences in various fields such as web system development, smartphone application development, AI solution development.",
    "services": [
      "App Development Company",
      "Web Developer",
      "Artificial Intelligence Company"
    ],
    "portfolios": []
  },
  {
    "img": "https://www.appfutura.com/uploads/images/cache/9e411a7d4c27f8131fce7829e55e23281594983095_150_150.jpg",
    "companyName": "AgileTech",
    "location": " Vietnam, Hà Nội, Hanoi",
    "linkWebsite": "https://agiletech.vn/",
    "description": "AgileTech is a quality outsourcing company specializing in Website/Mobile Apps, Blockchain services, AI – big data Services. Since 2015, we have become the technology partner for many startups in which millions of US dollars were invested.\n\nWith a talented team and a transparent working process, we are always ready to move forwards with you on the way to pursuing innovative ideas.",
    "services": [
      "App Development Company",
      "Web Developer",
      "Android App Development Company",
      "iOS App Development Company",
      "iPhone App Development Company",
      "Cross Platform App Development Company",
      "React Native App Development Company",
      "Education App Development Company",
      "Health & Wellness App Development Company",
      "Social Media Developer",
      "PHP Developer",
      "Wordpress Developer",
      "Magento Developer"
    ],
    "portfolios": []
  },
  {
    "img": "https://www.appfutura.com/uploads/images/cache/e66100e5ed46d80507aaa84aad9c483a1595307232_150_150.jpg",
    "companyName": "Enlab Software",
    "location": " Vietnam, Ðà Nẵng, Hòa Xuân",
    "linkWebsite": "https://enlabsoftware.com/?utm_source=AppFutura&utm_medium=Link&utm_campaign=AppFutura",
    "description": "Enlab is a dedicated offshore software development company in Vietnam, one of the top-ranked countries in software outsourcing in the world. Our focus is to provide excellent custom enterprise solutions with top-notch quality in every Agile delivery.\n\nOur technology stacks include: ASP.NET, WCF/WebAPI, ASP.NET Core, Python/Django, PHP, Laravel, StreamInsight, T-SQL Programming, SQL Server, MongoDB, ExtJS, Ext.NET, DevExpress, Telerik, Kendo UI, Angular, VueJS, HTML5, CSS3, Xamarin, Flutter, Azure, AWS.\n\nWe offer a wide range of services for enterprises, startups, IT consulting vendors, digital agencies across the sea: Web application development, Cross-platform app development in Xamarin and Flutter, Software customization and enhancement.\n\nWe have experience in different domains and industries like real estate, construction, education, data management, procurement, marketing, recruitment, and ERP.",
    "services": [
      "App Development Company",
      "Web Developer",
      "Software Development Company",
      "Cross Platform App Development Company"
    ],
    "portfolios": []
  },
  {
    "img": "https://www.appfutura.com/uploads/images/cache/3fcb25efd5762a30378d7eba3b3280a31539513461_150_150.png",
    "companyName": "BunBee",
    "location": " Vietnam, Hà Nội, Hanoi",
    "linkWebsite": "http://bunbeesoft.com/",
    "description": "Hello, we are Bunbee Team, the group of young and enthusiastic persons. We provide a lot of services for your business. We offer good price for our services and you will see your money is worthy.",
    "services": [
      "App Development Company",
      "Android App Development Company",
      "iOS App Development Company",
      "Cross Platform App Development Company",
      "React Native App Development Company"
    ],
    "portfolios": []
  }
]