[
  {
    "img": "https://www.appfutura.com/uploads/images/cache/5deec9c764145e649615b416478890e11596801735_150_150.png",
    "companyName": "Magister Marketing and Consultancy",
    "location": " Vietnam, Hà Nội, Hanoi",
    "linkWebsite": "https://magisterco.com/",
    "description": "During our tenor working for well-reputed Marketing consultancy, IT, Telecom and retail companies in the UK, Singapore, Dubai and Vietnam, we as a Marketing Outsourcing Company realised that every organisation how big or small they are they possess great potential. Potential to be bigger and better.\n\nWe also realised to make a company better it’s not only the processes that need to improve but the knowledge and experience of selected individuals who work for the company. A dream we both possessed for a long time could now become a reality. Our dream of working with a handful of employees in an organisation to working with thousands to help organisations to improve their Processers and to take the organisation to the next level by strategic marketing & Consultancy. Based in Vietnam with a multicultural team from Europe and Vietnam we can provide cost-effective solutions to companies all around the globe.",
    "services": [
      "Digital Marketing Company",
      "SEO Company",
      "PPC Company",
      "Branding Company"
    ],
    "portfolios": [
      {
        "des": "A 2 year long term project for Branding and Marketing to assist Beetsoft expand their target market from Japan to other parts of the world specially to the UK, Europe, North America, Australia and some other selected destinations.\n\nProject Value: USD 5,000 - 10,000 Per month",
        "img": "https://www.appfutura.com/img/default-image-275-209.png"
      },
      {
        "des": "",
        "img": ""
      },
      {
        "des": "WANA had to address many problems with Marketing, Brand Building Strategies, Ads Campaign and we found each other as the other part in this Digital Era. \n\nProject Value: USD 5,000 - 10,000 Per month",
        "img": "https://www.appfutura.com/img/default-image-275-209.png"
      },
      {
        "des": "",
        "img": ""
      },
      {
        "des": "The in-house team of Potato Media was lacking in manpower and low performance in the first quarter of 2020. They reached out to Magister team to find a solution.\n\nProject Value: USD 5,000 - 10,000 Per month",
        "img": "https://www.appfutura.com/img/default-image-275-209.png"
      },
      {
        "des": "",
        "img": ""
      },
      {
        "des": "Got 150% increase in online reaches of social media channels. Successful branding resulted in a higher global ranking for the organisation’s official social accounts. \n\nProject Value: USD 5,000 - 10,000 Per month",
        "img": "https://www.appfutura.com/img/default-image-275-209.png"
      },
      {
        "des": "",
        "img": ""
      },
      {
        "des": "Magister team also integrated with The Gallery Exclusive in-house marketing team, provided levels of communication and strategy that allowed our clients to meet marketing objectives, which was beyond their expectations.\n\nProject Value: USD 2, 500 - 5,000 Per month",
        "img": "https://www.appfutura.com/img/default-image-275-209.png"
      },
      {
        "des": "",
        "img": ""
      },
      {
        "des": "As a new face in the IT Industry in Vietnam, BEET Innovators faced up to with many challenges when developing their Marketing Strategy due to the fierce competition within the local market. \n\nProject Value: USD 500 - 1,000 Per month",
        "img": "https://www.appfutura.com/img/default-image-275-209.png"
      },
      {
        "des": "",
        "img": ""
      }
    ]
  },
  {
    "img": "https://www.appfutura.com/uploads/images/cache/d9b3df48b238939ab4764610c594c4e01616650954_150_150.png",
    "companyName": "Leading.vn - Digital & SEO Agency Vietnam",
    "location": " Vietnam, Hồ Chí Minh, Ho Chi Minh City",
    "linkWebsite": "https://leading.vn/",
    "description": "Leading.vn is a professional Digital Marketing Agency based in Ho Chi Minh City. We specialize in providing SEO, PPC, Social Media and Content Marketing services. Moreover, our SEO services guarantee that there is no risks involved, since if it is ineffective, you will not have to make payment.\n\nLEADING is an experienced selection of various marketers dedicated to tackling:\n\nDigital strategy\nWeb design\nWeb development\nSEO (Search Engine Optimization)\nPaid media\nCopywriting\n\nYou can visit our \"Customer Reviews\" page to check out their satisfaction with our services and what sets Leading Digital apart from other agencies.\n\nOur mission is to help you build your brand with results-driven digital marketing campaigns and personalized data.\n\nContact us and develop your brand today.",
    "services": [
      "SEO Company",
      "Digital Marketing Company",
      "Local SEO Company",
      "Advertising Company",
      "PPC Company",
      "Social Media Marketing Company",
      "Content Marketing Company",
      "Digital Agencies "
    ],
    "portfolios": []
  },
  {
    "img": "https://www.appfutura.com/uploads/images/cache/5a8f823d5a38c8849c8505bf6384fc2e1475555740_150_150.png",
    "companyName": "Vmodev",
    "location": " Vietnam, Hà Nội, Hanoi",
    "linkWebsite": "http://www.vmodev.com/",
    "description": "Where ideas turn into real products.\n\nWe are young professionals with passion for technology and software development. We have over 4 years of experience in designing and developing mobile application and website. For us, Vmodev is like a big family where we can learn work and share life experiences together.\n\nWe have assembled a team of product whizzes, design masters, development geniuses and tester ninja's. Because of working in high-quality demand markets from 4 continents (Europe, Asia, North America and Africa), we always ensure product’s technical quality and beautiful graphic interface on various platforms: iOS, Android, Windows phone and Website.",
    "services": [
      "Web Design Company",
      "Digital Marketing Company",
      "App Development Company",
      "Software Development Company",
      "Web Developer",
      "UX design Company",
      "Graphic Design Company",
      "Software Testing Company",
      "Android App Development Company",
      "iOS App Development Company",
      "iPhone App Development Company",
      "iPad App Development Company",
      "Cross Platform App Development Company",
      "Health & Wellness App Development Company",
      "Social Media Developer",
      "Internet of Things (IoT) Developer",
      "PHP Developer",
      "Wordpress Developer"
    ],
    "portfolios": []
  },
  {
    "img": "https://www.appfutura.com/uploads/images/cache/c34c5095389e09bbc27b46a283eb43cf1522381026_150_150.png",
    "companyName": "Amaris",
    "location": " Vietnam, Hồ Chí Minh, Ho Chi Minh City",
    "linkWebsite": "http://www.amaris.com/",
    "description": "Amaris is a 4,000 employees Worldwide Technology Consulting Company, founded in 2007 in Geneva, Switzerland.\n\nRapidly expanding and growing, the Amaris Groups now counts 65 offices in 50 countries.\n\nThe main focus of our Digital Lab activities in Vietnam is on :\n- Digital (Web / Mobile / E-commerce + UI/UX & Testing)\n- Big Data / Data Science\n- Frontier Technologies (Blockchain, AI, Machine Learning)\n\nIn a very AGILE-driven development environment, our teams benefits of regular training, technical sharing sessions and English-language training, to make sure we address all the challenges and expectations of our customers overseas.\n\nOur technology stack includes : J2EE Java, Python, AngularJS, Ruby on Rails, JavaScript, HTML, CSS, ReactJS, NodeJS, .NET, Apex, Swift iOS, Java for Android, Xamarin, React Native, Cordova",
    "services": [
      "Digital Marketing Company",
      "Software Development Company",
      "App Development Company",
      "Web Developer",
      "Software Testing Company",
      "Data Analytics Company",
      "Machine Learning Company",
      "Internet of Things (IoT) Developer",
      "Android App Development Company",
      "iOS App Development Company",
      "iPhone App Development Company",
      "iPad App Development Company",
      "Cross Platform App Development Company",
      "React Native App Development Company",
      "Wearable Developer",
      "Enterprise App Development Company",
      "Education App Development Company",
      "Health & Wellness App Development Company",
      "Social Media Developer"
    ],
    "portfolios": []
  },
  {
    "img": "https://www.appfutura.com/uploads/images/cache/6cafddf633d159576fe16386a2014147_150_150.png",
    "companyName": "Nexle Corporation",
    "location": " Vietnam, Hồ Chí Minh, Tân Bình",
    "linkWebsite": "http://nexlesoft.com/",
    "description": "Company Overview:\n\n• Software company in Vietnam with 20+ engineers\n• Head office in Ho Chi Minh City and Sales representatives & partners in North America\n• Management team with 15+ years experienced in software outsourcing in North America, Europe, and Asia Pacific.\n• 4 years experienced in Agile development and testing processes.\n• Excellent competence in various software development technologies and best practices.\n\nOffer iOS/Android development for the following:\n\n• Entertainment and games\n• Business and commerce applications\n• Healthcare and education applications\n• Social networking applications",
    "services": [
      "App Development Company",
      "Digital Marketing Company",
      "Android App Development Company",
      "iPad App Development Company",
      "iOS App Development Company",
      "iPhone App Development Company",
      "Enterprise App Development Company",
      "Social Media Developer",
      "Software Testing Company"
    ],
    "portfolios": [
      {
        "des": "Develop TalkLife iPhone application:\n1. Streamlining Help Me and Post flow\n2. Individual post and gifts functionality\n3. Highlighting posts that may be helpful to everyone\n4. Keyword filter & emergency help system\n5. Smooth status for each post\n6. Direct messaging between users",
        "img": "https://www.appfutura.com/img/default-image-275-209.png"
      },
      {
        "des": "",
        "img": ""
      }
    ]
  },
  {
    "img": "https://www.appfutura.com/uploads/images/cache/cdcfa4de1b2f32451ab3e96f69ad09381430736747_150_150.png",
    "companyName": "Quodisys",
    "location": " Vietnam, Hồ Chí Minh, Ho Chi Minh City",
    "linkWebsite": "http://quodisys.com/",
    "description": "Android, iOS, & Windows\n\nMobile Application Testing\n\nMobile Localization\n\nUI/UX Design",
    "services": [
      "App Development Company",
      "Digital Marketing Company",
      "iPad App Development Company",
      "iOS App Development Company",
      "iPhone App Development Company",
      "Android App Development Company",
      "Windows App Development Company",
      "Social Media Developer",
      "Software Testing Company"
    ],
    "portfolios": [
      {
        "des": "Video app that allows you to record and edit videos directly from the phone. Share your videos with friends or view videos from other users. Follow and comment your favorite uploaders.",
        "img": "https://www.appfutura.com/img/default-image-275-209.png"
      },
      {
        "des": "",
        "img": ""
      },
      {
        "des": "Classic tale of the Little Red and her goal to make some bread. She seeks out to make some bread with the help of the other barnyard animals. Will they help, you get to decide.",
        "img": "https://www.appfutura.com/img/default-image-275-209.png"
      },
      {
        "des": "",
        "img": ""
      }
    ]
  },
  {
    "img": "https://www.appfutura.com/uploads/images/cache/f92052fd738648f5227c8bb20ceaf6491433476285_150_150.png",
    "companyName": "ISB Vietnam",
    "location": " Vietnam, Hồ Chí Minh, Tân Bình",
    "linkWebsite": "http://www.isb-vietnam.com.vn/",
    "description": "We are one of the Vietnam’s 30 leading IT companies, the company is a wholly owned subsidiary of ISB Japan which has 45 years of experience in Information Service.\n\nISB Viet Nam Company (IVC) with the size of 200 people and a complete portfolio of hardware and software in education, healthcare and medical, financial and banking, consumer and government’s public services, from strategic planning to implementation to ongoing management, our use of our networks, experience, industry knowledge and business understanding distinguishes the way we work.\n\nOur services :\n#Protocol / Embedded System / Middleware\n#Medical System Development\n#Business Applications – Enterprise System\n#Website / Web System Development\n#Mobile App / System\n#Product / Marketing Tools\n#Software Testing\n#Dedicated Development Team\n\nDrop us a line, we'd love to help :\ns&m@vn.isb.co.jp",
    "services": [
      "App Development Company",
      "Digital Marketing Company",
      "Web Developer",
      "Windows App Development Company",
      "Android App Development Company",
      "iPad App Development Company",
      "iOS App Development Company",
      "iPhone App Development Company",
      "Education App Development Company",
      "Health & Wellness App Development Company",
      "Software Testing Company"
    ],
    "portfolios": [
      {
        "des": "Recommended by most channels in Vietnam, Doctor Babee takes care of the children's immunization activities with notifications helps you catch up with schedule, it can also recommend and administer vaccines to infants and children by age group and by medical conditions.",
        "img": "https://www.appfutura.com/img/default-image-275-209.png"
      },
      {
        "des": "",
        "img": ""
      }
    ]
  },
  {
    "img": "https://www.appfutura.com/uploads/images/cache/00c47291f634192bd8e361a67e0e731a1542044234_150_150.png",
    "companyName": "BSP Software Services",
    "location": " Vietnam, Hồ Chí Minh, Gò Vấp",
    "linkWebsite": "http://www.bsp.vn/",
    "description": "BSP is a Build Smarter Planet Software Services company. We specialize in both Custom Software Product Development, providing Dedicated Development Center services. We are focusing on R&D, web, mobile, smart watch, Smart TV, desktop and embedded software development, QA and testing, we are successful launch many big projects on mobile, Mac Application, Smart watch Samsung Gear S2, S3 and web e-commerce. Since 2011, we have been bringing digital transformation to mid-sized and large enterprises in Banking and Finance, Insurance, Telecommunications, Healthcare and Retail. Our key domains include enterprise software, e-commerce, BI and Big Data, e-learning and IoT.",
    "services": [
      "Digital Marketing Company",
      "App Development Company",
      "Software Testing Company",
      "Data Analytics Company",
      "Android App Development Company",
      "iOS App Development Company",
      "Cross Platform App Development Company",
      "Windows App Development Company",
      "Enterprise App Development Company",
      "Social Media Developer"
    ],
    "portfolios": []
  },
  {
    "img": "https://www.appfutura.com/uploads/images/cache/32f4ea64acbb1fa1f9a7384de0f173711574666094_150_150.png",
    "companyName": "Omega Digital",
    "location": " Vietnam, Hồ Chí Minh, Ho Chi Minh City",
    "linkWebsite": "https://www.omegadigital.org/",
    "description": "Build a better brand with done-for-you digital marketing agency services in Ho Chi Minh City, Vietnam. PPC, SEO, & social media marketing. Learn more here: https://www.omegadigital.org/\n\nWe've worked with brands such as Alambé - Finest Vietnamese Coffee, BiaCraft Artisan Ales, Heart of Darkness Craft Brewery, Hoprizon Brewing Company, & Vespa Adventures.\n\nWhat We Do:\nAudit: SEO & social media\nOptimize: Websites (SEO) & social media (management)\nAdvertise: Google Ads & social media ads\n\nWe also take on custom projects for clients who want more than just what you see here. If you have a project brief, you can tell us about it here: https://www.omegadigital.org/contact/\n\nWant to work with us? Visit our website at: https://www.omegadigital.org/",
    "services": [
      "SEO Company",
      "Digital Marketing Company",
      "PPC Company",
      "Social Media Marketing Company",
      "Digital Agencies"
    ],
    "portfolios": []
  },
  {
    "img": "https://www.appfutura.com/uploads/images/cache/deb514d3af05f9d8d30ffda0db227daa1582806397_150_150.png",
    "companyName": "fram^",
    "location": " Vietnam, Hồ Chí Minh, Ho Chi Minh City",
    "linkWebsite": "https://wearefram.com/",
    "description": "Founded in 2013 in Ho Chi Minh, Vietnam with a small team of developers, fram^ team has been growing the current team of >130 employees across offices in Ho Chi Minh, Da Nang, Colombo and Stockholm.\n\nStarting from the original ecommerce specialism, fram^'s services today have spanned to provides clients with end-to-end digital solutions including Tech Consulting, Digital Consulting, Custom Software Development, Web App Development, Mobile App Development, IT Managed Services, DevOps Services, etc.\n\nWe work in flexible models of engagement across all of the services to provide clients with the ability to scale or change at any time to their needs. Four of our working formats are: Managed Services, Dedicated Team, Build-Operate-Transfer, and Fixed & Flexible Projects.\n\nSince 2017, fram^ has become a group company publicly listed on Nasdaq First North: FRAM B. fram^ is recently proud to be ranked #212 among Europe's 1,000 fastest growing companies by the prestigious Financial Times!",
    "services": [
      "App Development Company",
      "Web Developer",
      "SEO Company",
      "Digital Marketing Company",
      "Software Development Company",
      "Web Design Company",
      "Android App Development Company",
      "iOS App Development Company",
      "iPhone App Development Company",
      "iPad App Development Company",
      "Cross Platform App Development Company",
      "React Native App Development Company",
      "Windows App Development Company",
      "Wearable Developer",
      "Enterprise App Development Company",
      "Education App Development Company",
      "Health & Wellness App Development Company",
      "Mobile Game App Development Company",
      "Social Media Developer",
      "PHP Developer",
      "Wordpress Developer",
      "Drupal Developer",
      "Magento Developer",
      "Shopify Developer",
      "Local SEO Company",
      "App Marketing Company",
      "Advertising Company",
      "PPC Company",
      "Social Media Marketing Company",
      "Content Marketing Company",
      "Digital Agencies ",
      "Creative Agencies ",
      "Branding Company",
      "Email Marketing Company",
      "Market Research Company",
      "Data Analytics Company",
      "Software Testing Company",
      "Internet of Things (IoT) Developer",
      "VR & AR Developer",
      "Blockchain Developer",
      "Machine Learning Company",
      "Artificial Intelligence Company",
      "IT Consulting Company",
      "Cloud Computing Company",
      "UX design Company",
      "Graphic Design Company",
      "Logo Design Company",
      "Design Company"
    ],
    "portfolios": []
  },
  {
    "img": "https://www.appfutura.com/uploads/images/cache/e882ba3f4cab63b18dc3dc9cc04d79571610604748_150_150.jpg",
    "companyName": "DIZITECH",
    "location": " Vietnam, Hồ Chí Minh, Tân Phong",
    "linkWebsite": "http://dizitech.vn/",
    "description": "WHO WE ARE?\n\nIn a world where 95% of companies fail, Dizitech will help your brand succeed and prosper! No matter what your goals are – building or strengthening your brand, generating leads, increasing awareness for your products or services, driving qualified traffic to your website or app, reaching your target audience, improving conversion rates, and more – we can help you achieve them all thanks to our expertise in digital marketing, growth hacking, lead generation, conversion rate optimization, and more.\n\nHOW IS DIZITECH DIFFERENT?\n\nHere at Dizitech, we take a “big picture” approach to growth – combining a wide range of digital marketing techniques and tactics along with data analytics and product/service improvement for maximum effectiveness. With all of these elements combined, Dizitech can help you achieve your goals efficiently and effectively.",
    "services": [
      "SEO Company",
      "Digital Marketing Company",
      "Local SEO Company",
      "Advertising Company",
      "Social Media Marketing Company",
      "Content Marketing Company",
      "Digital Agencies ",
      "Creative Agencies ",
      "Branding Company",
      "App Marketing Company"
    ],
    "portfolios": []
  },
  {
    "img": "https://www.appfutura.com/uploads/images/cache/9d14dd19944ad3bddec93109a5dff49d1636692210_150_150.png",
    "companyName": "Techchain Software",
    "location": " Vietnam, Ðà Nẵng, Ðà Nẵng",
    "linkWebsite": "https://techchain.vn/",
    "description": "Techchain Software is a Software Development Company with headquarter settled in Da Nang, a cosmopolitan city in the center of Vietnam.\nThe Best Software development and Consulting services are the things we can deliver to customers from every corner of the world. Havin been through many obstacles and difficulties, our experienced engineers are excellent in software development and are able to offer technology solutions, as well as helping businesses in transforming ideas and requirements into prestige products for business.\n\nIn Techchain, we are not just developers. We always put ourselves in the shoes of our clients and achieve what they demand.\nWe are a collection of young talents focus on research and are experts in Software development, Blockchain, Cloud Services, DevOps. That is the strong foundation of Techchain, We cooperate and advise many businesses partners and customers in many countries to develop products about Blockchain, Cryptocurrency, exchange, mobile apps, Web...",
    "services": [
      "App Development Company",
      "Web Developer",
      "Digital Marketing Company",
      "Android App Development Company",
      "iOS App Development Company",
      "iPhone App Development Company",
      "iPad App Development Company",
      "Cross Platform App Development Company",
      "React Native App Development Company",
      "Enterprise App Development Company",
      "Education App Development Company",
      "Health & Wellness App Development Company",
      "Mobile Game App Development Company",
      "Social Media Developer",
      "PHP Developer",
      "Wordpress Developer"
    ],
    "portfolios": []
  },
  {
    "img": "https://www.appfutura.com/uploads/images/cache/9722c4799b1f68fce69a421ef17c3b2e1515906811_150_150.png",
    "companyName": "3FORCOM",
    "location": " Vietnam, Hồ Chí Minh, Chí Hòa",
    "linkWebsite": "https://www.3forcom.com/solutions/mobile-application/",
    "description": "3FORCOM is an international IT partner, established since 2008. We provide web and mobile app design & development service, using Swift, Objective-C, Java, PHP, ASP.NET and a varieties of technical choices for database and analytics.\nOur team has more than 40 members: developers, designers, business analysts, testers, client account managers and a network of experienced consultants to help you unleash your business with useful applications.\nOur production house is located in district 10, Ho Chi Minh city, Vietnam.",
    "services": [
      "App Development Company",
      "Web Developer",
      "Digital Marketing Company",
      "Android App Development Company",
      "iOS App Development Company",
      "Cross Platform App Development Company",
      "Software Testing Company"
    ],
    "portfolios": []
  },
  {
    "img": "https://www.appfutura.com/uploads/images/cache/e251bc1780370db90f33b431e044c6551581410370_150_150.jpg",
    "companyName": "NNG",
    "location": " Vietnam, Hồ Chí Minh, Ða Kao",
    "linkWebsite": "http://www.nng.bz/",
    "description": "NNG is a team of talented developers, designers, and marketers located in Ho Chi Minh City, Vietnam. Our company formed due to increasing demand and growth of the IT sector around the world and for the love of technology. Our company's founders are western educated and our clientele spans around the globe from North America, Europe, and to Asia.",
    "services": [
      "App Development Company",
      "Web Developer",
      "Digital Marketing Company",
      "Software Development Company",
      "Android App Development Company",
      "iOS App Development Company",
      "iPhone App Development Company",
      "iPad App Development Company",
      "Cross Platform App Development Company",
      "React Native App Development Company",
      "Windows App Development Company",
      "PHP Developer",
      "Magento Developer",
      "Social Media Marketing Company",
      "Software Testing Company",
      "Internet of Things (IoT) Developer",
      "Machine Learning Company",
      "Artificial Intelligence Company",
      "IT Consulting Company"
    ],
    "portfolios": []
  },
  {
    "img": "https://www.appfutura.com/uploads/images/cache/7d4173da0cdbf6dc9f07fc598873e3a61611741897_150_150.jpg",
    "companyName": "Prodima Agency",
    "location": " Vietnam, Hồ Chí Minh, Ho Chi Minh City",
    "linkWebsite": "https://prodima.vn/",
    "description": "Prodima is a professional digital marketing agency based in Ho Chi Minh City, Vietnam. Specialized in SEO, PPC, Social, and Web Development, the Prodima team works alongside partners to improve online branding visibility and reach clients.\n\nProdima is an experienced selection of various marketers dedicated to tackling:\n\nDigital strategy\nWeb design\nWeb development\nSEO (Search Engine Optimization)\nPaid media\nCopywriting\n\nWe combat the above digital media matters so that you don’t have to. Prodima provides a growing team of experts available to respond to growing demands for digital transformation. We are available to curate and secure a marketing structure suitable to your business’s needs.",
    "services": [
      "SEO Company",
      "Digital Marketing Company",
      "Content Marketing Company"
    ],
    "portfolios": []
  }
]