[
  {
    "img": "https://www.appfutura.com/uploads/images/cache/e8eea6db8c1c3432b9b4dfb264668c151640838213_150_150.jpg",
    "companyName": "BEETSOFT",
    "location": " Vietnam, Hà Nội, Hanoi",
    "linkWebsite": "https://beetsoft.com.vn/?utm_source=AppFutura&utm_medium=Link&utm_campaign=AppFutura",
    "description": "We are an IT Outsourcing, Consultancy, Annotation and BPO company based in Vietnam and Japan. We cater to SME and MNC’s all around the globe by providing high-end services at a cost-competitive price.\n\nWith 7+ years of IT Consultancy and Outsourcing, BeetSoft is playing a stellar role in honing the skills of professionals, assisting companies to achieve success in their operating field of specialisation. We as an organisation have grown rapidly in the past three years, now with operating offices in Hanoi, Vietnam and Tokyo, Japan with over 600 employees.\n\nBeetsoft specialises in IT Outsourcing, IT Consulting, Application Development, Software Development, Game Development, Web Development, System Development, AR VR MR, AI & IoT, Annotation & BPO.",
    "services": [
      "Web Developer",
      "App Development Company",
      "Software Development Company",
      "PHP Developer",
      "Wordpress Developer",
      "Drupal Developer",
      "Magento Developer",
      "Shopify Developer",
      "Android App Development Company",
      "iOS App Development Company",
      "iPhone App Development Company",
      "iPad App Development Company",
      "Cross Platform App Development Company",
      "React Native App Development Company",
      "Windows App Development Company",
      "Enterprise App Development Company",
      "Education App Development Company",
      "Health & Wellness App Development Company",
      "Mobile Game App Development Company",
      "Internet of Things (IoT) Developer",
      "VR & AR Developer",
      "Machine Learning Company",
      "Artificial Intelligence Company",
      "IT Consulting Company"
    ],
    "portfolios": [
      {
        "des": "1. Background images: Add, drop and resize images with respect to the aspect ratio\n2. Shapes: create a static list of shapes and the shapefile is an SVG file that can hardcode 50 shapes\n3. Layers: make elements move forward and backward.\nDuration: 3 months \nTeam size: 4 \nBudget: Over 20,000 USD",
        "img": "https://www.appfutura.com/img/default-image-275-209.png"
      },
      {
        "des": "",
        "img": ""
      },
      {
        "des": "Pixel-wise annotation by Polygon and B-Spline to annotate pedestrian, bicycle, motorbike, construction sign, traffic light, etc. \nObject-wise annotation drawn by bounding box to annotate car, truck, bus, etc.\nDuration: 6 months\nTeam size: 100 - 150 \nBudget: 200,000+ USD",
        "img": "https://www.appfutura.com/img/default-image-275-209.png"
      },
      {
        "des": "",
        "img": ""
      },
      {
        "des": "Image annotation project used to create training data for computer vision. In order for machines to perceive objects in their surroundings, annotated images are needed to train Machine Learning algorithms.\nSolutions provided with Lidar OD tasks; 2D & 3D Annotate.",
        "img": "https://www.appfutura.com/img/default-image-275-209.png"
      },
      {
        "des": "",
        "img": ""
      },
      {
        "des": "Developing and Cloning online gambling games while transferring them to ios &Android\n\nSkill & Languages:\n\nXamarin (C#) direct to JS based on Phaser engine\n\nVanila Javascript, EC6,7",
        "img": "https://www.appfutura.com/img/default-image-275-209.png"
      },
      {
        "des": "",
        "img": ""
      },
      {
        "des": "A game requires players to earn as many points as possible in the soccer field. The main character moves, gain \"Coin\" to earn points, while other enemies chase him to prevent the main character from winning. \nTechnologies & tools: Unity \nDuration: 4 Months\nTeam Size: 10\nBudget: Over 40,000 USD",
        "img": "https://www.appfutura.com/uploads/works/thumb/cache/c402d5e9ea16c946d1b06c80305569d9_275_275.png"
      },
      {
        "des": "",
        "img": ""
      },
      {
        "des": "Twiceplan is a practical \"learning program\" that will be applied to school lectures. Nurturing \" The will to survive \"is necessary when entering the society",
        "img": "https://www.appfutura.com/uploads/works/thumb/cache/fc9853823a780114dbd9a0b9270490a6_275_275.png"
      },
      {
        "des": "",
        "img": ""
      },
      {
        "des": "VoiceLink® provides you with smoother communication. It is groupware associated with your Facebook account. \n\nProgramming Languages: IoS, Android\n\nJava\n\nTeam Size: 8\n\nDuration 6 months",
        "img": "https://www.appfutura.com/uploads/works/thumb/cache/6b4b6e77a5197e880bd6f78cf174d93b_275_275.png"
      },
      {
        "des": "",
        "img": ""
      },
      {
        "des": "This system is used by a Japanese big brand (MRK HOLDINGS INC). \n\nIt allows branches and corporations to manage customers' instalment contracts.\n\nMaruko is a project of payment system for a Japanese brand: Maruko (https://www.maruko.com/(link is external))",
        "img": "https://www.appfutura.com/uploads/works/thumb/cache/cc36758e72ba648fda985bb24ded8795_275_275.png"
      },
      {
        "des": "",
        "img": ""
      },
      {
        "des": "The AR application has been released, purpose to prevent errors arising in the work related to maintenance activities, equipment installation, digitizing work history, etc. The App has been successfully deployed to workers and has been really effective at improving the work for the workers.",
        "img": "https://www.appfutura.com/uploads/works/thumb/cache/40844f9366215ecdc142a7996ff5a535_275_275.png"
      },
      {
        "des": "",
        "img": ""
      },
      {
        "des": "\"Shima Cam\" is a local internship / support service, started in 2014, and is a bridge for students wishing to experience works that are not available in the city.",
        "img": "https://www.appfutura.com/uploads/works/thumb/cache/9b2440ed96f11dbabe033936e40739cf_275_275.png"
      },
      {
        "des": "",
        "img": ""
      },
      {
        "des": "IPPIN.com is an online sales site like Amazon or Rakuten. The special thing about this system is to create an online market where stores in Japan can sell directly to customers in other countries around the world.",
        "img": "https://www.appfutura.com/uploads/works/thumb/cache/00fa53a77e89da478579025b04b2e6dd_275_275.png"
      },
      {
        "des": "",
        "img": ""
      },
      {
        "des": "+ Mixed reality (MR) technology: augmented virtual reality, creating a blending effect between real and virtual objects\n+ Hololens: is a virtual reality device of Microsoft.",
        "img": "https://www.appfutura.com/uploads/works/thumb/cache/bb6ce8e4b6e99bc5c7ac7fef0c755169_275_275.png"
      },
      {
        "des": "",
        "img": ""
      }
    ]
  },
  {
    "img": "https://www.appfutura.com/uploads/images/cache/51001ddee0836d768143bd2862fc626b1628150957_150_150.png",
    "companyName": "SOTATEK",
    "location": " Vietnam, Hà Nội, Hanoi",
    "linkWebsite": "https://sotatek.com/?utm_source=AppFutura&utm_medium=Link&utm_campaign=AppFutura",
    "description": "Sota Tek is a leading Software Development Company established in 2015, headquartered in Hanoi, Vietnam, with international offices in Osaka and Tokyo, Japan. Our company name, Sota Tek stands for \"State of the art Technology”, representing our product standards and our desire to conquer new peaks of technology.\n\nAt Sota Tek, we deliver full-cycle services that cover all aspects of Software Engineering. Whether you are a startup or a major corporation, through intensive two-way communication, we gain deep insights into your business vision, bringing you the most optimal suite and cost-effective solutions.",
    "services": [
      "App Development Company",
      "Web Developer",
      "Software Development Company",
      "Android App Development Company",
      "iOS App Development Company",
      "Cross Platform App Development Company",
      "React Native App Development Company",
      "PHP Developer",
      "Magento Developer",
      "Shopify Developer",
      "Internet of Things (IoT) Developer",
      "Blockchain Developer",
      "Machine Learning Company",
      "Artificial Intelligence Company",
      "IT Consulting Company",
      "Cloud Computing Company"
    ],
    "portfolios": [
      {
        "des": "A project that combines the world’s map and blockchain. Users can support the map by providing information about the environment, infrastructure and earn rewards as crypto coins.",
        "img": "https://www.appfutura.com/img/default-image-275-209.png"
      },
      {
        "des": "",
        "img": ""
      },
      {
        "des": "Launching an ICO for a dating social platform. We're in charge of developing the smart contract for token sale in the Ethereum platform.",
        "img": "https://www.appfutura.com/img/default-image-275-209.png"
      },
      {
        "des": "",
        "img": ""
      },
      {
        "des": "Bables Prime is a mobile app for appointment setting. service fees payment for customers of Prime Massage Centre. Using Bables, the centre's adminstrators s can also manage information of both employees and customers on the same system.",
        "img": "https://www.appfutura.com/img/default-image-275-209.png"
      },
      {
        "des": "",
        "img": ""
      },
      {
        "des": "We designed UI/UX and implemented the website from the scratch. We made this website including a back-end CMS for them to update news, data, and manage their list of angel investors",
        "img": "https://www.appfutura.com/img/default-image-275-209.png"
      },
      {
        "des": "",
        "img": ""
      },
      {
        "des": "AISX Crypto Currency Exchange was developed and designed especially for the Japanese and Mongolian traders, who have specific needs for currency exchange. AISX's interface is user-friendly while maintaining high security and liquidity.",
        "img": "https://www.appfutura.com/uploads/works/thumb/cache/41fdbd0a0dd84416e1915756b78b01a4_275_275.png"
      },
      {
        "des": "",
        "img": ""
      },
      {
        "des": "EZ Wallet is a personal wallet application, which is completely offline, allowing users to save all important information separately on their private devices. EZ- Wallet supports a wide range of coins, including but not limited to: BTC, ETH & ERC20, XRP, ZCASH, DASH, USDT …",
        "img": "https://www.appfutura.com/uploads/works/thumb/cache/61dc5e320c12db43f09a2bb282479921_275_275.png"
      },
      {
        "des": "",
        "img": ""
      },
      {
        "des": "This system provides liquidity solutions for Spot Exchange platforms. The machine is capable of supporting at least 3 other exchanges at the same time, the exchange rate displayed is referred from various reliable sources to ensure constant and stable liquidity",
        "img": "https://www.appfutura.com/uploads/works/thumb/cache/fd58568a730f1de34528d8b79b30a4a9_275_275.png"
      },
      {
        "des": "",
        "img": ""
      },
      {
        "des": "Cosplay serves as an online community for professional cosplayers across the world to communicate and connect with each other and their fans as well.",
        "img": "https://www.appfutura.com/uploads/works/thumb/cache/4c587982d10d72cb1558bb8639fc31bc_275_275.jpg"
      },
      {
        "des": "",
        "img": ""
      },
      {
        "des": "SOTA - a multi-chain digital content NFT P2P marketplace for creators and collectors. In Sota Finance, we enable easy creation and transaction of Limited Digital Content Editions secured with blockchain to mass users.",
        "img": "https://www.appfutura.com/uploads/works/thumb/cache/1b17034a19d8266fa2f397264f6e9831_275_275.jpg"
      },
      {
        "des": "",
        "img": ""
      },
      {
        "des": "A financial hub for Korean clinics and hospitals to manage earnings, tracking expenses and getting statistical and analytical insights. Data analytics and machine learning is also used in this project",
        "img": "https://www.appfutura.com/uploads/works/thumb/cache/1d48c0056790a67fe20d08c909ff4263_275_275.png"
      },
      {
        "des": "",
        "img": ""
      },
      {
        "des": "Asset Genius focuses on Real Estate Tech and provides a platform for real estate investors and management companies.",
        "img": "https://www.appfutura.com/uploads/works/thumb/cache/3bc4528d8f7cb3b5555cd5d4cd7c04eb_275_275.png"
      },
      {
        "des": "",
        "img": ""
      },
      {
        "des": "A real time stock trading app for Android platform. It was designed to strictly compliance with business logic, helping users with convenient experience and most updated data. This app use C/C++ as underlying communication stack to ensure security, accuracy and to reduce",
        "img": "https://www.appfutura.com/uploads/works/thumb/cache/6b4085f5519b1b2c09f5455d6d440088_275_275.jpg"
      },
      {
        "des": "",
        "img": ""
      },
      {
        "des": "SocialGood is an asset that everyone can receive for free just by shopping at 1800+ partner retail stores, such as Amazon, Apple, Alibaba, eBay, Lazada, Nike, etc (Shopping Mining). The platform works in a way in which the more users increase, the more the asset value increases.",
        "img": "https://www.appfutura.com/uploads/works/thumb/cache/6606e37b07a04e42b24d04e81879ecaa_275_275.jpg"
      },
      {
        "des": "",
        "img": ""
      },
      {
        "des": "An online platform that helps people to learn Japanese. Includes more than 500 lecture videos and hundreds of JLPT problems. You can also create your own problem sets or movies!",
        "img": "https://www.appfutura.com/uploads/works/thumb/cache/8587406e4b6fcc4901e15ed916ca2082_275_275.png"
      },
      {
        "des": "",
        "img": ""
      },
      {
        "des": "Viewty can measure and evaluate the skin condition (wrinkles, texture, stains, translucency, moisture, pores, skin quality, skin age) in 8 items. By making Viewty available across a wide variety of brands, the app has made recommendations based on your skin data in a fair position.",
        "img": "https://www.appfutura.com/uploads/works/thumb/cache/1090560d7e853fd15454a6d4ceb8f742_275_275.png"
      },
      {
        "des": "",
        "img": ""
      },
      {
        "des": "The VC Wallet is one part of our whole ambitious Value Project, which includes a Cryptocurrency Exchange, Mining, Coupon Exchange Private DEX, Social Network System, etc. It supports Bitcoin (BTC), Ether (ETH), ValueCoin (FVC), Genesis (GOD), and other Ethereum-based ERC20 tokens.",
        "img": "https://www.appfutura.com/uploads/works/thumb/cache/128c5ba6d34eab29cb8a631174d23c6b_275_275.png"
      },
      {
        "des": "",
        "img": ""
      },
      {
        "des": "An AI platform solution with the ability to collect, label, training, testing medical images from a wide range of hospitals, medical institutions. In the output, it analyzes the images and automatically detects different kinds of diseases such as Brain Aneurysm, Spine Fracture and Dental Cyst.",
        "img": "https://www.appfutura.com/uploads/works/thumb/cache/a7248dfbb00ab5967e41000ef4092d38_275_275.png"
      },
      {
        "des": "",
        "img": ""
      },
      {
        "des": "Implementation and operation of Wallet/smart contract for ICO of Decentralized Travel Booking Marketplace. Raised US$ 2 million in the funding of token sales.",
        "img": "https://www.appfutura.com/uploads/works/thumb/cache/5c0cb146c08a13725aff18002d7692d6_275_275.png"
      },
      {
        "des": "",
        "img": ""
      },
      {
        "des": "A customized platform where influencers such as celebrities, singers, gymnastics, ... start live streaming with their fans and earn money through online gifts and subscriptions.",
        "img": "https://www.appfutura.com/uploads/works/thumb/cache/8acea5e70088b57633b1106141c89be4_275_275.jpg"
      },
      {
        "des": "",
        "img": ""
      },
      {
        "des": "This is a centralized instant exchange platform developed for Japanese partners. It supports converting among a wide range of coins and tokens constantly. It also includes the feature for users to buy coins/tokens via VISA card.",
        "img": "https://www.appfutura.com/uploads/works/thumb/cache/5fa0849126b62eb23caa9aa81fe855d7_275_275.jpg"
      },
      {
        "des": "",
        "img": ""
      },
      {
        "des": "This is a full-fledged centralized crypto-currency exchange software that supports both crypto-crypto and crypto-fiat. Listing: Bitcoin, Ethereum, Bitcoin Cash, Ripple, Litecoin, Ethereum Classic, Dash, Neo, Qtum and other ERC-20 Tokens. Fiat: Korea Won",
        "img": "https://www.appfutura.com/uploads/works/thumb/cache/6a67b4216ae4914915d0d7a017ce996f_275_275.jpg"
      },
      {
        "des": "",
        "img": ""
      },
      {
        "des": "This project applies blockchain to the real estate industry. We are in charge of all the technical stuff in this ICO. The ICO token sale development is based on NEO platform.",
        "img": "https://www.appfutura.com/uploads/works/thumb/cache/0a8e26be6e930cc11c4d6233c190f678_275_275.png"
      },
      {
        "des": "",
        "img": ""
      },
      {
        "des": "This is a decentralized exchange platform that raised 55 million USD through its ICO. Its on-chain liquidity protocol allows decentralized token swaps to be integrated into any application, enabling value exchange to be performed seamlessly between all parties in the ecosystem.",
        "img": "https://www.appfutura.com/uploads/works/thumb/cache/7972adc859aec42a4b709c4885fbe262_275_275.png"
      },
      {
        "des": "",
        "img": ""
      },
      {
        "des": "SotaTek was in charge of the blockchain technical aspect in the ICO to support pre-sale, crowd sales, allowing users to buy tokens using BTC, ETH. This is not a usual ICO where users can buy the ERC20 token from both ETH & BTC.",
        "img": "https://www.appfutura.com/uploads/works/thumb/cache/37c75b735252bbe3710fed06cb98e6e7_275_275.png"
      },
      {
        "des": "",
        "img": ""
      },
      {
        "des": "Bitkoex is a crypto-currency exchange, focusing mainly on serving the Korean Market. The Exchange enables various coin exchanges as well as exchanges in KRW (Korean Won). The Bitgo Wallet app was also integrated into the platform, which guarantees the highest level of data security.",
        "img": "https://www.appfutura.com/uploads/works/thumb/cache/81a969ef283e8eeaae31ed47b3775f04_275_275.jpg"
      },
      {
        "des": "",
        "img": ""
      },
      {
        "des": "Amanpuri Exchange was one of our major projects, which owns MSB (Money Services Business) License in the United States, expanded its community around the world, and gained a high reputation from the community.",
        "img": "https://www.appfutura.com/uploads/works/thumb/cache/7e6157dd24bfc57c4becd475444de9c5_275_275.png"
      },
      {
        "des": "",
        "img": ""
      },
      {
        "des": "SotaTek developed and updated a Hospital Management Windows Software that has been operating in more than 150 hospitals across Japan. We managed to change and use an up-to-date technology which is C# .Net and Oracle framework.",
        "img": "https://www.appfutura.com/uploads/works/thumb/cache/2c87aed44aa5f6730246065e5ff10b67_275_275.jpg"
      },
      {
        "des": "",
        "img": ""
      },
      {
        "des": "Koindex uses a memory-bound algorithm that can handle 2 million transactions per second. An advanced API trading interface that supports many orders providing a wide range of technical support to professional investors.",
        "img": "https://www.appfutura.com/uploads/works/thumb/cache/4aa2e27c1a71d75e757c1b2c4f059280_275_275.jpg"
      },
      {
        "des": "",
        "img": ""
      },
      {
        "des": "Leading Crypto Currency Exchange in Vietnam, with large trading volume and trusted partners. VCCE facilitates not only the exchange of crypto-currencies but also easy withdrawal, deposit as well as cash exchange",
        "img": "https://www.appfutura.com/img/default-image-275-209.png"
      },
      {
        "des": "",
        "img": ""
      }
    ]
  },
  {
    "img": "https://www.appfutura.com/uploads/images/cache/150fa13be938fa778bd2d69d56ca99ad1618285221_150_150.png",
    "companyName": "Enable Startup",
    "location": " Vietnam, Ðà Nẵng, Hải Châu",
    "linkWebsite": "https://enablestartup.com/",
    "description": "Enable Startup is a one-stop IT solution provider based in Da Nang, Vietnam. Founded in 2016 on genuine passion for technologies, we have since then embarked relentlessly on more than 50 projects with 30 global businesses of all shapes and sizes across 11 countries. Those challenging yet rewarding endeavors have honed our technical skills to fulfill world-class standards, while complementing our delivery capacities with solid industrial know-hows and best practices.\n\nCurrently, under one roof, we pool talents with a broad spectrum of expertises: enterprise & startup consultants, data scientists, software engineers, designers and marketers.\n\nWe provide startups and enterprises with tailor-made solutions that cover the gamut:\n\n- Website Development\n- Mobile App Development\n- Dedicated Development Teams\n- UI & UX Design\n- Data Analytics\n- IoT Development\n- Blockchain Development\n- Custom Product Development\n\nGet in touch with us at: hello@enablestartup.com",
    "services": [
      "App Development Company",
      "Web Developer",
      "Software Development Company",
      "Web Design Company",
      "Android App Development Company",
      "iOS App Development Company",
      "iPhone App Development Company",
      "iPad App Development Company",
      "Cross Platform App Development Company",
      "React Native App Development Company",
      "Windows App Development Company",
      "Wearable Developer",
      "Enterprise App Development Company",
      "Education App Development Company",
      "Health & Wellness App Development Company",
      "Mobile Game App Development Company",
      "Social Media Developer",
      "PHP Developer",
      "Wordpress Developer",
      "Drupal Developer",
      "Magento Developer",
      "Shopify Developer",
      "Internet of Things (IoT) Developer",
      "Blockchain Developer",
      "Machine Learning Company",
      "Artificial Intelligence Company",
      "IT Consulting Company",
      "Cloud Computing Company",
      "UX design Company"
    ],
    "portfolios": [
      {
        "des": "As BioLogic Technik's key IoT partner, we collaborated with them to come up with an entire IoT ecosystem, consisting of: BIOMECHANICAL WEARABLE, BIOPACER SMARTAPP:, ELDERLY CARE - BED-EXIT FALL PREVENTION SYSTEM, BIOPACER MOBILE APP. Visit the company website at https://biologic.com.sg/",
        "img": "https://www.appfutura.com/img/default-image-275-209.png"
      },
      {
        "des": "",
        "img": ""
      },
      {
        "des": "We developed 2 enterprise systems for MobiFone - the 3rd largest telecommunications provider in Vietnam:\n1. iCEO – KPI Management System: helps manage KPIs and metrics.\n2. Cost Allocation Manager Platform: allows allocating budgets to their cost hierarchy and efficiently track their expenditures.",
        "img": "https://www.appfutura.com/img/default-image-275-209.png"
      },
      {
        "des": "",
        "img": ""
      },
      {
        "des": "A coaching platform targeting the elderly and people with fitness issues as a whole. The app offers rich community features (social, trending, infotainment), virtual coaching resources with a high level of personalization, facilitating users to practice exercise at their own pace.",
        "img": "https://www.appfutura.com/img/default-image-275-209.png"
      },
      {
        "des": "",
        "img": ""
      },
      {
        "des": "A simple yet stunning landing page that fulfills professional and trustworthy look and feel; sufficient and easy-to-understand presentation of the app's features and values. See the work at http://biopacer.biologic.com.sg/",
        "img": "https://www.appfutura.com/img/default-image-275-209.png"
      },
      {
        "des": "",
        "img": ""
      },
      {
        "des": "A bespoke online rental store  that is specialized in premium designer street wear and apparel for the Malaysian market.\nTechnologies: Html/Html5; CSS3; Jquery; PHP-framework Laravel; MySQL; Nginx; AWS\nSee the work at https://hype2u.com/",
        "img": "https://www.appfutura.com/uploads/works/thumb/cache/7fae5ff9c789f716e831adca9240da4e_275_275.png"
      },
      {
        "des": "",
        "img": ""
      },
      {
        "des": "Erria team brought our marketers, UX-UI designers and developers on board with a mission of transforming their website into a brand new version as professional, robust and world-class as the their services’ quality. Visit the website at http://erria.dk/",
        "img": "https://www.appfutura.com/uploads/works/thumb/cache/0e5314183a8a3d168884d3bd0ec90207_275_275.jpg"
      },
      {
        "des": "",
        "img": ""
      },
      {
        "des": "We have provided the client with a dedicated development team for 3 years now.\nVisit the website at https://www.fotokoch.nl/",
        "img": "https://www.appfutura.com/uploads/works/thumb/cache/f68f55fda1c3275f6faf772d58ec7380_275_275.jpg"
      },
      {
        "des": "",
        "img": ""
      },
      {
        "des": "Turbo is an IoT-powered platform that helps take away all the manual operational hurdles, thereby allowing your internal teams to focus on their core tasks.\nTechnologies: NodeJS (Loopback4); PostgresqIM; React JS",
        "img": "https://www.appfutura.com/uploads/works/thumb/cache/63bfc729cd31d9cb2b6410ca445e7558_275_275.png"
      },
      {
        "des": "",
        "img": ""
      },
      {
        "des": "Artist.vn is a booking platform for artists from all over Vietnam. From band to DJ, dance group to magician, for make it easy to find any kind of artist for any type of party, without any hassle. Check the system here: http://artist.vn/",
        "img": "https://www.appfutura.com/uploads/works/thumb/cache/c483b84f3cf32d8c2576b44eef0cce3c_275_275.jpg"
      },
      {
        "des": "",
        "img": ""
      },
      {
        "des": "CHO PHU QUOC mobile app is an e-commerce platform that aims at providing locals in Phu Quoc with an alternative solution to shop online.\n- Friendly interface \n- Merchandisers can open shop easily \n- Easily search \n- Quick payment\n\nTechnology: React Native",
        "img": "https://www.appfutura.com/uploads/works/thumb/cache/ccf2f54ed8f7e9b071aa055765390a3b_275_275.png"
      },
      {
        "des": "",
        "img": ""
      },
      {
        "des": "Grabz.sg is an online local guide to the latest parties, perks and promotions in Singapore. Their members have access to insider pricings with a wide selection of brand names, shops and restaurants in Singapore.",
        "img": "https://www.appfutura.com/uploads/works/thumb/cache/30ad44676799f7eb19d8492ff104319a_275_275.png"
      },
      {
        "des": "",
        "img": ""
      }
    ]
  },
  {
    "img": "https://www.appfutura.com/uploads/images/cache/72fc7647f281ac5e516b386c71cce55a1543482853_150_150.png",
    "companyName": "Bac Ha Software Co., Ltd.",
    "location": " Vietnam, Hà Nội, Hanoi",
    "linkWebsite": "https://bachasoftware.com/",
    "description": "Bac Ha Software Co., Ltd. (BHSoft) is a dynamic and fast-moving company in software development and information technology in Vietnam. BHSoft is one of the subsidiaries of BHTech and focusing on software development services.\n\nEstablished in 2014, BHSoft has been expanding services to world-wide clients from Europe, America, Singapore, Japan and other countries. BHSoft provides the optimum solution that always meets customers’ needs and applies latest technologies on customer’s projects to make it the best applications.",
    "services": [
      "App Development Company",
      "Software Development Company",
      "Web Developer",
      "Android App Development Company",
      "iOS App Development Company",
      "iPhone App Development Company",
      "iPad App Development Company",
      "Cross Platform App Development Company",
      "React Native App Development Company",
      "Enterprise App Development Company",
      "Health & Wellness App Development Company",
      "Social Media Developer",
      "Internet of Things (IoT) Developer",
      "Blockchain Developer"
    ],
    "portfolios": [
      {
        "des": "Full-features of a system to receipt and manage information from OBD/OBDII, Dashcam, BLE,… to the Web Server.\nThe Web Admin can manage all information of:\nDrivers, Vehicle types & Vehicles, Trips, Trips points, locations, Alerts in real-time\nPhotos, short-videos from dashcam",
        "img": "https://www.appfutura.com/img/default-image-275-209.png"
      },
      {
        "des": "",
        "img": ""
      },
      {
        "des": "The Cargo Management System for Client to manage customers’ trucks that moving around to deliver their goods. Also the system is support create schedules, shortest routes, … and all customers, users, drivers information.",
        "img": "https://www.appfutura.com/img/default-image-275-209.png"
      },
      {
        "des": "",
        "img": ""
      },
      {
        "des": "iPad React Native App for Hotel and Restaurant is very helpful for both managers and customers.",
        "img": "https://www.appfutura.com/img/default-image-275-209.png"
      },
      {
        "des": "",
        "img": ""
      },
      {
        "des": "This is a full software solution for a vehicle reselling branches’ cars (more than 10 branches) in the local market.",
        "img": "https://www.appfutura.com/img/default-image-275-209.png"
      },
      {
        "des": "",
        "img": ""
      },
      {
        "des": "The project implements a web application to translate a model created by 3D MAX Studio, which can support End-Users can virtualizes their models with the Web browser.",
        "img": "https://www.appfutura.com/uploads/works/thumb/cache/485fb1a23d81f92854393b45922133e6_275_275.png"
      },
      {
        "des": "",
        "img": ""
      },
      {
        "des": "SchoolBus –  This is the software supports primary schools to manage their buses, drivers, and bus monitors.\nThe Web app allows school admins to view buses’ routes, pick-up/drop points and can manage data of the system for the whole year.",
        "img": "https://www.appfutura.com/uploads/works/thumb/cache/a958c76fa0bf0e5537fec722239bd928_275_275.png"
      },
      {
        "des": "",
        "img": ""
      },
      {
        "des": "The Hybrid Mobile App helps mothers to check/compare their child activities with a normal kids and then follow guidelines from doctors.\nThe technologies had been using in the app are: Ionic, Cordova, and Angular JS.",
        "img": "https://www.appfutura.com/uploads/works/thumb/cache/a12ec67a06544120b7de67b6a595c05a_275_275.png"
      },
      {
        "des": "",
        "img": ""
      },
      {
        "des": "It is a mobile application for iOS & Android platforms and they are connected to a Bluetooth device to measure and analyze steps per day of users. It show all result and statistics in a period of time. The App will also remind the user on the activity he/she should do next.",
        "img": "https://www.appfutura.com/uploads/works/thumb/cache/09c40862c57414bc0df653d8d7f5d2be_275_275.png"
      },
      {
        "des": "",
        "img": ""
      },
      {
        "des": "The Taxi Back-End Management to manage mobile apps for Users book a trip, and manage Drivers to go with their jobs.  Admin at the Back-end also can monitor the activities of the taxi company.\nThis is a admin web app for a customer.",
        "img": "https://www.appfutura.com/uploads/works/thumb/cache/f68f1df8a6c1dc4d63b945f25158a16c_275_275.png"
      },
      {
        "des": "",
        "img": ""
      },
      {
        "des": "Taxi Mobile Apps is very helpful for both Drivers and Users. Users can see cabs around their location and book a taxi. Taxi drivers will see notification of request(s) and accept. Many other features have been developed and applied into this solution, together with the back-end.",
        "img": "https://www.appfutura.com/uploads/works/thumb/cache/207b2a872e9d4c66ed7865a0a2a48b6c_275_275.png"
      },
      {
        "des": "",
        "img": ""
      },
      {
        "des": "It is a mobile app for both platform (iOS & Android) which connect to Yahoo Weather Forecast API, and Google Geo-location API to get information about location and its weather forecast info, notify to users if the weather in one day in future as they want.\nContact https://bachasoftware.com",
        "img": "https://www.appfutura.com/uploads/works/thumb/cache/847034f7a1822d0ec2cf7d7a7a9bf0ff_275_275.png"
      },
      {
        "des": "",
        "img": ""
      }
    ]
  },
  {
    "img": "https://www.appfutura.com/uploads/images/cache/5a8f823d5a38c8849c8505bf6384fc2e1475555740_150_150.png",
    "companyName": "Vmodev",
    "location": " Vietnam, Hà Nội, Hanoi",
    "linkWebsite": "http://www.vmodev.com/",
    "description": "Where ideas turn into real products.\n\nWe are young professionals with passion for technology and software development. We have over 4 years of experience in designing and developing mobile application and website. For us, Vmodev is like a big family where we can learn work and share life experiences together.\n\nWe have assembled a team of product whizzes, design masters, development geniuses and tester ninja's. Because of working in high-quality demand markets from 4 continents (Europe, Asia, North America and Africa), we always ensure product’s technical quality and beautiful graphic interface on various platforms: iOS, Android, Windows phone and Website.",
    "services": [
      "Web Design Company",
      "Digital Marketing Company",
      "App Development Company",
      "Software Development Company",
      "Web Developer",
      "UX design Company",
      "Graphic Design Company",
      "Software Testing Company",
      "Android App Development Company",
      "iOS App Development Company",
      "iPhone App Development Company",
      "iPad App Development Company",
      "Cross Platform App Development Company",
      "Health & Wellness App Development Company",
      "Social Media Developer",
      "Internet of Things (IoT) Developer",
      "PHP Developer",
      "Wordpress Developer"
    ],
    "portfolios": []
  },
  {
    "img": "https://www.appfutura.com/uploads/images/cache/c34c5095389e09bbc27b46a283eb43cf1522381026_150_150.png",
    "companyName": "Amaris",
    "location": " Vietnam, Hồ Chí Minh, Ho Chi Minh City",
    "linkWebsite": "http://www.amaris.com/",
    "description": "Amaris is a 4,000 employees Worldwide Technology Consulting Company, founded in 2007 in Geneva, Switzerland.\n\nRapidly expanding and growing, the Amaris Groups now counts 65 offices in 50 countries.\n\nThe main focus of our Digital Lab activities in Vietnam is on :\n- Digital (Web / Mobile / E-commerce + UI/UX & Testing)\n- Big Data / Data Science\n- Frontier Technologies (Blockchain, AI, Machine Learning)\n\nIn a very AGILE-driven development environment, our teams benefits of regular training, technical sharing sessions and English-language training, to make sure we address all the challenges and expectations of our customers overseas.\n\nOur technology stack includes : J2EE Java, Python, AngularJS, Ruby on Rails, JavaScript, HTML, CSS, ReactJS, NodeJS, .NET, Apex, Swift iOS, Java for Android, Xamarin, React Native, Cordova",
    "services": [
      "Digital Marketing Company",
      "Software Development Company",
      "App Development Company",
      "Web Developer",
      "Software Testing Company",
      "Data Analytics Company",
      "Machine Learning Company",
      "Internet of Things (IoT) Developer",
      "Android App Development Company",
      "iOS App Development Company",
      "iPhone App Development Company",
      "iPad App Development Company",
      "Cross Platform App Development Company",
      "React Native App Development Company",
      "Wearable Developer",
      "Enterprise App Development Company",
      "Education App Development Company",
      "Health & Wellness App Development Company",
      "Social Media Developer"
    ],
    "portfolios": []
  },
  {
    "img": "https://www.appfutura.com/uploads/images/cache/ca9db665de96ac7085504008e5d4b0531569837215_150_150.png",
    "companyName": "Sioux High Tech Software",
    "location": " Vietnam, Ðà Nẵng, Ðà Nẵng",
    "linkWebsite": "https://sioux.asia/?utm_source=AppFutura&utm_medium=Link&utm_campaign=AppFutura",
    "description": "Sioux High Tech Software Ltd., a Danang based development center and a branch of Sioux Group in the Netherlands.\n\nWe focus on developing software applications running on multi-platforms such as Windows, Android, iOS, and MAC (Windows Applications, Mobile Apps Factory, Web Development) for the High-Tech industry.\n\nSioux HTS is a specialist in application software & software control hardware.\n\nWith our state-of-the-art knowledge of development methods, programming languages, platforms, and strong team, we bring the best software solution for your organization. In doing so, we focus on quality, innovation speed, and cost-effectiveness.\n\nWe design and build complete software stacks: user interfaces, mobile apps, web portal & application software. Key clients: Our clients are all around the world: Europe, the US, Germany, Australia, Singapore, Vietnam, etc... Some of our wonderful clients: ASML, Bosch, Canon, Cisco, DAF, Kulicke & Soffa, Philips, Technicolor, Thermo Fisher, Zeiss.",
    "services": [
      "App Development Company",
      "Web Developer",
      "Software Development Company",
      "Android App Development Company",
      "iOS App Development Company",
      "iPhone App Development Company",
      "iPad App Development Company",
      "Cross Platform App Development Company",
      "React Native App Development Company",
      "Windows App Development Company",
      "Education App Development Company",
      "Health & Wellness App Development Company",
      "Wordpress Developer"
    ],
    "portfolios": []
  },
  {
    "img": "https://www.appfutura.com/uploads/images/cache/5bdfa8544a820c658dcd557cdd313ba61603960321_150_150.png",
    "companyName": "Faba Technology",
    "location": " Vietnam, Hồ Chí Minh, Ho Chi Minh City",
    "linkWebsite": "https://fabatechnology.com/",
    "description": "We utilize Web and Mobile technologies to deliver top-quality software solutions.\n\nEvery engagement starts with our free consulting service and ends with satisfactory resolution and delivery. We offer not only our expertise but also a flexible and supportive team, which allows us to overcome location and time difference.\nWe are a competent, professional, and attentive team equipped with experience in technology trends, which enables us to take on various development requests of our clients. With our working histories with clients from local to international levels, as well as successful collaborations with a diverse portfolio of clients and industries, you can be reassured that we know how to take care of your products.\n\nOur services include:\n\nStaff Augmentation\nSoftware Product Development\nWeb & Mobile Applications Development\nCloud & DevOps\nMaintenance and Support\nBusiness / Technology Consulting",
    "services": [
      "App Development Company",
      "Web Developer",
      "Software Development Company",
      "Web Design Company",
      "Android App Development Company",
      "iOS App Development Company",
      "iPhone App Development Company",
      "iPad App Development Company",
      "Cross Platform App Development Company",
      "React Native App Development Company",
      "Windows App Development Company",
      "Mobile Game App Development Company",
      "Social Media Developer",
      "PHP Developer",
      "Magento Developer",
      "Shopify Developer",
      "Internet of Things (IoT) Developer",
      "Blockchain Developer",
      "Machine Learning Company",
      "Artificial Intelligence Company",
      "IT Consulting Company",
      "Cloud Computing Company",
      "UX design Company"
    ],
    "portfolios": [
      {
        "des": "Pulse is a management system created to handle the ever-increasing complexity of project management with automated tools all in one place so that users can do more with less.",
        "img": "https://www.appfutura.com/img/default-image-275-209.png"
      },
      {
        "des": "",
        "img": ""
      },
      {
        "des": "Short-term patient guidance model for the transition from hospital to home.",
        "img": "https://www.appfutura.com/img/default-image-275-209.png"
      },
      {
        "des": "",
        "img": ""
      },
      {
        "des": "Qualee is a cloud-based employee onboarding and engagement platform. The app allows companies to create an engaging experience for their new hires quickly and efficiently.",
        "img": "https://www.appfutura.com/img/default-image-275-209.png"
      },
      {
        "des": "",
        "img": ""
      },
      {
        "des": "Green Dragon is an ERP system dedicated to Green Dragon Int’l Logistics that manages a wide range of logistics activities and coordinates cross-functional operations.",
        "img": "https://www.appfutura.com/img/default-image-275-209.png"
      },
      {
        "des": "",
        "img": ""
      }
    ]
  },
  {
    "img": "https://www.appfutura.com/uploads/images/cache/acdbc010a7ae8208cea5da265ea01d131654970719_150_150.png",
    "companyName": "HuviTek - AI Blockchain Software Development",
    "location": " Vietnam, Hà Nội, Hanoi",
    "linkWebsite": "https://www.huvitek.com/?utm_source=AppFutura&utm_medium=Link&utm_campaign=AppFutura",
    "description": "With abundant and highly qualified IT human resources from Vietnam and Southeast Asia at low cost, we provide system integration and software development service, and support our partners on building the offshore development center/team to reduce cost, resolve the problem about shortage of human resource, to pull projects to the finish speedy with the best quality, and taking the time for product/solution/platform to go market.\n\nOur engineers skilled in System Integration, SAP ERP & Enterpise Software Consulting & Implementation, AI & Machine Learning Implementation, Data Analytic, Blockchain Development, Automotive & Embedded Software Development, Mobile & IOT Device Development, Web/Mobile App Development.\n\nOur talent team has top-notch IT consultants and developers who share deep expertise to guarantee the best project outcomes for clients in various industries, such as Banking & Finance, Insurance, Automotive, Media & Entertainment, Retail, Healthcare, Education, etc,...",
    "services": [
      "App Development Company",
      "Web Developer",
      "Software Development Company",
      "Web Design Company",
      "Android App Development Company",
      "iOS App Development Company",
      "iPhone App Development Company",
      "iPad App Development Company",
      "Cross Platform App Development Company",
      "React Native App Development Company",
      "Windows App Development Company",
      "Wearable Developer",
      "Enterprise App Development Company",
      "Education App Development Company",
      "Health & Wellness App Development Company",
      "Mobile Game App Development Company",
      "Social Media Developer",
      "Internet of Things (IoT) Developer",
      "VR & AR Developer",
      "Blockchain Developer",
      "Machine Learning Company",
      "Artificial Intelligence Company",
      "IT Consulting Company",
      "Cloud Computing Company",
      "UX design Company",
      "Graphic Design Company",
      "Design Company"
    ],
    "portfolios": [
      {
        "des": "A startup want to build an AI based solution for facial recognition using for timekeeping, authentication and access control.\n\nWe help them to build an AI engine and web app for this solution\n\nDomain: Startup\n\nResult\n- Accuracy: 96%",
        "img": "https://www.appfutura.com/img/default-image-275-209.png"
      },
      {
        "des": "",
        "img": ""
      }
    ]
  },
  {
    "img": "https://www.appfutura.com/uploads/images/cache/3217bee7f41f6240b99eafb8c81207b11657614164_150_150.png",
    "companyName": "NCCPLUS VIETNAM",
    "location": " Vietnam, Hà Nội, Hanoi",
    "linkWebsite": "https://ncc.asia/?utm_source=AppFutura&utm_medium=Link&utm_campaign=AppFutura",
    "description": "NCC Asia is an experienced team of 300 dedicated employees in many positions such as developers, designers, testers, PM, BA, QC, and QA and we have a great passion for software development and cover the full spectrum of the development process.\n\nNCC Asia has 8 years of experience in offering IT outsourcing services. Our company focuses on outsourcing services including web development, mobile app development, ERP and CMS development, games, software testing, VIOP, IOT& AI, and ODC in many languages.",
    "services": [
      "App Development Company",
      "Web Developer",
      "Web Design Company",
      "Software Development Company",
      "Android App Development Company",
      "iOS App Development Company",
      "iPhone App Development Company",
      "iPad App Development Company",
      "Cross Platform App Development Company",
      "React Native App Development Company",
      "Windows App Development Company",
      "Wearable Developer",
      "Enterprise App Development Company",
      "Education App Development Company",
      "Health & Wellness App Development Company",
      "Mobile Game App Development Company",
      "Social Media Developer",
      "PHP Developer",
      "Wordpress Developer",
      "Magento Developer",
      "Shopify Developer",
      "UX design Company",
      "Graphic Design Company",
      "Logo Design Company",
      "Design Company",
      "Internet of Things (IoT) Developer",
      "VR & AR Developer",
      "Blockchain Developer",
      "Machine Learning Company",
      "Artificial Intelligence Company",
      "IT Consulting Company",
      "Cloud Computing Company"
    ],
    "portfolios": [
      {
        "des": "- NCC product with a lot of advanced features to attract the large player base of Asia Market. \n- The speed of opening a new server is around 4 - 5 servers per week in the first 3 months.",
        "img": "https://www.appfutura.com/img/default-image-275-209.png"
      },
      {
        "des": "",
        "img": ""
      },
      {
        "des": "Mavia is a AAA MMO strategic multiplayer game allowing players to buy land, build a base and battle other players for RUBY.",
        "img": "https://www.appfutura.com/img/default-image-275-209.png"
      },
      {
        "des": "",
        "img": ""
      },
      {
        "des": "Three Kingdoms Original is the first of its kind when it comes to multi-player real-time strategy game. It offers a balanced game mechanic and true strategy, as well as a fair level playing field to all players.",
        "img": "https://www.appfutura.com/img/default-image-275-209.png"
      },
      {
        "des": "",
        "img": ""
      },
      {
        "des": "EventX provides tablet connected to wireless NFC readers for fast events. \n- Pair the secure and sustainable NFC wearable with the EventX visitor app.",
        "img": "https://www.appfutura.com/img/default-image-275-209.png"
      },
      {
        "des": "",
        "img": ""
      },
      {
        "des": "Bee The Move is the social network that allows you to easily solicit your community for their opinions, opinions, and preferences.",
        "img": "https://www.appfutura.com/uploads/works/thumb/cache/514d7ff0835a825a6ab50a4c10581c73_275_275.jpg"
      },
      {
        "des": "",
        "img": ""
      },
      {
        "des": "- Create an inclusive green financial system based on a safe blockchain system.\n- Provide users ability to invest, donate on economy products using Ethereum tokens and Bitcoin, Apple Pay.",
        "img": "https://www.appfutura.com/uploads/works/thumb/cache/082ce6afc51d1b4ef01934373e1cf7e0_275_275.png"
      },
      {
        "des": "",
        "img": ""
      },
      {
        "des": "- Korean Educational App\n- Game Badanamu is an English learning game for children aged from 3 to 5\n- There are images that follow attractive topics designed with child education purpose in mind.",
        "img": "https://www.appfutura.com/uploads/works/thumb/cache/30b1c265acc644654e0320b93419e929_275_275.png"
      },
      {
        "des": "",
        "img": ""
      },
      {
        "des": "Undead Blocks is the world's first multiplayer kill-to-earn zombie survival game on Binance Smart Chain.",
        "img": "https://www.appfutura.com/uploads/works/thumb/cache/ee28c63833b465583c92aa57f52b119a_275_275.png"
      },
      {
        "des": "",
        "img": ""
      },
      {
        "des": "- Dating App, specially designed for Japanese market. \n- All the documents are bi-language in Japanese and English\n- Dating and Scheduling.\n- Matching system based on preferences, hobbies, personality, etc.\nTechnology: Php Laravel. ReactJs. Python. AWS/CICD",
        "img": "https://www.appfutura.com/uploads/works/thumb/cache/da73a39129a0c60713f2f9e6343b82bd_275_275.png"
      },
      {
        "des": "",
        "img": ""
      }
    ]
  },
  {
    "img": "https://www.appfutura.com/uploads/images/cache/ad331ae06e5d113ba704cd8e614d51c21574940098_150_150.png",
    "companyName": "YOONG Solutions Co., LTD",
    "location": " Vietnam, Hồ Chí Minh, Ho Chi Minh City",
    "linkWebsite": "https://yoong.vn/",
    "description": "YOONG is an end-to-end software solution company that specializes in developing custom softwares, friendly websites, highly-usable web apps and also mobile apps for Android, iOS.\n\nWe’re proud to be the strategic partner with more than 330+ innovative entrepreneurs, from early stage startups to internationally recognized enterprises.\n\nOur dear clients just keep their focus on the main business objectives while our expert team takes care of all the rest. Together we create end-to-end digital solutions in 6 steps:\n\n1. Idea Gathering\n2. Business Strategy\n3. UX/UI Design & Technical Architect\n4. Web and Mobile App Development & Testing\n5. Launching\n6. Maintenance & Support\n\nWe always strive hard for the best quality, respect the deadline, fit the budget, and match the needs.\n\nLet's get in touch to talk about your creative ideas!",
    "services": [
      "Software Development Company",
      "Web Developer",
      "Web Design Company",
      "App Development Company",
      "Cloud Computing Company",
      "UX design Company",
      "Design Company",
      "Android App Development Company",
      "iOS App Development Company"
    ],
    "portfolios": [
      {
        "des": "PGworks.vn was born to shorten recruitment time and open job opportunities in the retail industry with specific jobs such as PG, PB, sales consultants, merchandiser, field sales, cashier...",
        "img": "https://www.appfutura.com/img/default-image-275-209.png"
      },
      {
        "des": "",
        "img": ""
      },
      {
        "des": "Desiring to provide all-in-one utility services, TM Group pursues the philosophy of building a closed ecosystem providing flight booking, airport transfers, accommodation service with membership point system.",
        "img": "https://www.appfutura.com/img/default-image-275-209.png"
      },
      {
        "des": "",
        "img": ""
      },
      {
        "des": "Established in the 90s in Yagon, Myanmar, UMG Motor is known as the exclusive assembly and distribution partner of French high-end scooters in Vietnam. With years of experience in the motorcycle industry, UMG has decided to launch scooter models, to bring new standards for users.",
        "img": "https://www.appfutura.com/img/default-image-275-209.png"
      },
      {
        "des": "",
        "img": ""
      },
      {
        "des": "MyU is an online learning marketplace, where students can take courses in everything from programming to yoga or photography and much, much more. Each of our courses is taught by an expert instructor, available on-demand, so students can learn at their own pace, on their own time, and on any device.",
        "img": "https://www.appfutura.com/img/default-image-275-209.png"
      },
      {
        "des": "",
        "img": ""
      },
      {
        "des": "Careplus provide healthcare service with utilities and ease for patients right at their home or workplace. CarePlus clinic first opened in Viet Nam in 2015 and the second in 2016. CarePlus Clinic was fully owned by CityClinic Asia Investments Ple, Ltd.",
        "img": "https://www.appfutura.com/uploads/works/thumb/cache/0ea88560ba4fae9022cb00e67e59dc4d_275_275.png"
      },
      {
        "des": "",
        "img": ""
      },
      {
        "des": "With valuable experience in outdoor, camping accessory manufacturing, Madfox confidently provide best products for your wonderful trip.",
        "img": "https://www.appfutura.com/uploads/works/thumb/cache/c9f87f723d0916e587cb7c2b0f2a1ca6_275_275.png"
      },
      {
        "des": "",
        "img": ""
      },
      {
        "des": "FanFan is the leading trekking, camping outdoor equipment chain stores. FanFan’s warehouse management, sales management, and order management system integrated with website to create comprehensive structure which is total user friendly for both administrators and clients.",
        "img": "https://www.appfutura.com/uploads/works/thumb/cache/03bd5467e27f37a340f0e264ee7cf54f_275_275.png"
      },
      {
        "des": "",
        "img": ""
      },
      {
        "des": "Onecham is a home and neighborhood site for buyers and renters to find homes and neighborhoods across the Vietnam through recommendations, local insights, and map overlays that offer details on commute, reported crime, schools, and nearby businesses.",
        "img": "https://www.appfutura.com/uploads/works/thumb/cache/b39fc9a4d644471f2869548f8acab12a_275_275.png"
      },
      {
        "des": "",
        "img": ""
      },
      {
        "des": "Inspection Tool is an Web and Mobile Application which was used to manage system's progress and quality, also to track and control all problems occuring to every orders without any problems with the geographical problems of all over the world.",
        "img": "https://www.appfutura.com/uploads/works/thumb/cache/acf9daa1782a83141d4db100c4f885c9_275_275.png"
      },
      {
        "des": "",
        "img": ""
      },
      {
        "des": "Hoozing which is an online marketplace for searching and renting long-term accommodations, aims at making house renting hassle-free, trustful, time saving, and simply accessible for everyone with any device.",
        "img": "https://www.appfutura.com/uploads/works/thumb/cache/7e4e96f4e8561fdd59aa307912a3d2e5_275_275.png"
      },
      {
        "des": "",
        "img": ""
      },
      {
        "des": "Vietnam HR Summit is the nationally largest gathering of HR professionals and Business leaders in Vietnam. Vietnam HR Summit merged comprehensive online payment gateway, accept almost domestic, and international cards, simplify payments, and effect conference ticket selling.",
        "img": "https://www.appfutura.com/uploads/works/thumb/cache/2a33f04dd4dbae6f41c04275216d5776_275_275.png"
      },
      {
        "des": "",
        "img": ""
      },
      {
        "des": "Jura is cloud-based point-of-sale and retail management software that lets retailers run their business in-store, online, and via mobile. Jura’s solution includes POS software, inventory management, E-commerce, customer loyalty, and reporting analytics.",
        "img": "https://www.appfutura.com/uploads/works/thumb/cache/924766f32dc83937c79418e8ff2a7034_275_275.png"
      },
      {
        "des": "",
        "img": ""
      }
    ]
  },
  {
    "img": "https://www.appfutura.com/uploads/images/cache/3d11d5fd6507eb61652ede050e8f58a41577156045_150_150.png",
    "companyName": "NCC",
    "location": " Vietnam, Hà Nội, Hanoi",
    "linkWebsite": "http://ncc.asia/",
    "description": "NCC is a network of connected, young and passionate software engineers who all love programming and are addicted to new technologies. We have been working with enterprises of all sizes from small businesses to multinational companies.\n\nIn our blood:\n- Spirit of self-study and knowledge sharing\n- Passion for technology\n- Youthfulness in soul\n- Good discipline\n- Customer is a close friend!",
    "services": [
      "App Development Company",
      "Web Developer",
      "Software Development Company",
      "Android App Development Company",
      "iOS App Development Company",
      "iPhone App Development Company",
      "iPad App Development Company",
      "Cross Platform App Development Company",
      "React Native App Development Company",
      "Windows App Development Company",
      "Wearable Developer",
      "Enterprise App Development Company",
      "Education App Development Company",
      "Health & Wellness App Development Company",
      "Mobile Game App Development Company",
      "Social Media Developer",
      "PHP Developer",
      "Wordpress Developer",
      "Drupal Developer",
      "Magento Developer",
      "Shopify Developer",
      "Internet of Things (IoT) Developer",
      "Blockchain Developer",
      "Machine Learning Company",
      "Artificial Intelligence Company",
      "Cloud Computing Company"
    ],
    "portfolios": [
      {
        "des": "Direct2inmate is a secure platform for offenders in prison to securely access information and services for themselves.\n\nFor more information: https://www.coresystems.biz/what-we-do/direct2inmate/",
        "img": "https://www.appfutura.com/img/default-image-275-209.png"
      },
      {
        "des": "",
        "img": ""
      },
      {
        "des": "Direct2probationer connects offenders in the community to information and services in a convenient and accessible way.\n\nFor more information: https://www.coresystems.biz/what-we-do/direct2probationer/",
        "img": "https://www.appfutura.com/img/default-image-275-209.png"
      },
      {
        "des": "",
        "img": ""
      },
      {
        "des": "We built a customer management system and an asset management system for Mytel Myanmar in 6 months.",
        "img": "https://www.appfutura.com/img/default-image-275-209.png"
      },
      {
        "des": "",
        "img": ""
      },
      {
        "des": "We built an audit operation management system for HiPT Group in 4 months",
        "img": "https://www.appfutura.com/img/default-image-275-209.png"
      },
      {
        "des": "",
        "img": ""
      },
      {
        "des": "We built a project management system for UCG New Zealand",
        "img": "https://www.appfutura.com/img/default-image-275-209.png"
      },
      {
        "des": "",
        "img": ""
      },
      {
        "des": "Bee The Move is an event sharing social network which helps to make decisions.\n\nLink: http://www.bee-the-move.com/index_en.html",
        "img": "https://www.appfutura.com/img/default-image-275-209.png"
      },
      {
        "des": "",
        "img": ""
      },
      {
        "des": "Easy LMS is an eLearning system using SOA architecture and based on Moodle framework.\n\nFor more information: https://www.easy-lms.com/",
        "img": "https://www.appfutura.com/img/default-image-275-209.png"
      },
      {
        "des": "",
        "img": ""
      }
    ]
  },
  {
    "img": "https://www.appfutura.com/uploads/images/cache/9c605ac00fc8a10df51ce473dcf3984c1577250711_150_150.png",
    "companyName": "InnomizeTech",
    "location": " Vietnam, Hồ Chí Minh, Tân Bình",
    "linkWebsite": "https://www.innomizetech.com/?utm_source=AppFutura&utm_medium=Link&utm_campaign=AppFutura",
    "description": "We are an offshore software development and IT consulting company based in Vietnam. We experts in Cloud computing, Software Development, DevOps Engineering, and Software Integration solutions that help you move fast and right direction. Our experienced engineering and development team are committed, passionate, and continually challenge themselves on the advancements and changes of the technologies we utilize to deliver the most up-to-date and innovative solutions.",
    "services": [
      "App Development Company",
      "Web Developer",
      "Software Development Company",
      "Cross Platform App Development Company",
      "React Native App Development Company",
      "Enterprise App Development Company",
      "PHP Developer",
      "Wordpress Developer",
      "Magento Developer",
      "IT Consulting Company",
      "Cloud Computing Company"
    ],
    "portfolios": [
      {
        "des": "InnomzeTech’s team helped redesigned and refactored some features to the Cloud, develop new core features of their platform running on the AWS Cloud. We became their partner and work closely with the local team as an Offshore Team.",
        "img": "https://www.appfutura.com/img/default-image-275-209.png"
      },
      {
        "des": "",
        "img": ""
      },
      {
        "des": "InnomizeTech’s team proposed, designed, built, deployed, and monitoring the system design and Cloud architecture that intend to host on the AWS cloud allow the platform to scale seamlessly with the load, reliable, secure, efficient, and cost-effective systems in the cloud.",
        "img": "https://www.appfutura.com/img/default-image-275-209.png"
      },
      {
        "des": "",
        "img": ""
      },
      {
        "des": "In accordance with the Customer’s needs, InnomizeTech’s team built up a base website application. The solution provides two parts for both sales associates and system administrators.",
        "img": "https://www.appfutura.com/img/default-image-275-209.png"
      },
      {
        "des": "",
        "img": ""
      }
    ]
  },
  {
    "img": "https://www.appfutura.com/uploads/images/cache/54d3bdbe71b0589059fb23505b40b44b1556189692_150_150.png",
    "companyName": "Aegona Ltd",
    "location": " Vietnam, Hồ Chí Minh, Tân Thới Hiệp",
    "linkWebsite": "https://www.aegona.com/",
    "description": "Aegona is an IT service company based in Ho Chi Minh city, VietNam. At Aegona we provide Software Development, Software Testing, Automation Testing and Software Maintenance services for North America, Japan, Singapore and VietNam.\nOUR SPECIALITY\n- Microsoft Technology: Asp.Net, Asp.net core, SharePoint, Microsoft Dynamic CRM,...\n- Web Development: Html5/css3, JQuery, AngularJS, Angular2/4, Node.js, ReactJS, VueJS,...\n- Mobile Development: Native Application (iOS, Android, Windows), Hybrid Application (ReactNative, Xamarin)...\n- Cloud-Based Development: Azure Cloud, Amazone Cloud AWS, Google Cloud,...\n- CMS, eCommerce and more: WordPress, Drupal, Laravel, UmbracoCMS, .Net OrchardCMS, Magento, nopCommerce, Blockchain, Ethrereum, Hyperledger...",
    "services": [
      "App Development Company",
      "SEO Company",
      "Web Developer",
      "Software Development Company",
      "Software Testing Company",
      "Android App Development Company",
      "iOS App Development Company",
      "Drupal Developer",
      "Blockchain Developer",
      "Machine Learning Company",
      "Artificial Intelligence Company",
      "IT Consulting Company",
      "Cloud Computing Company"
    ],
    "portfolios": []
  },
  {
    "img": "https://www.appfutura.com/uploads/images/cache/deb514d3af05f9d8d30ffda0db227daa1582806397_150_150.png",
    "companyName": "fram^",
    "location": " Vietnam, Hồ Chí Minh, Ho Chi Minh City",
    "linkWebsite": "https://wearefram.com/",
    "description": "Founded in 2013 in Ho Chi Minh, Vietnam with a small team of developers, fram^ team has been growing the current team of >130 employees across offices in Ho Chi Minh, Da Nang, Colombo and Stockholm.\n\nStarting from the original ecommerce specialism, fram^'s services today have spanned to provides clients with end-to-end digital solutions including Tech Consulting, Digital Consulting, Custom Software Development, Web App Development, Mobile App Development, IT Managed Services, DevOps Services, etc.\n\nWe work in flexible models of engagement across all of the services to provide clients with the ability to scale or change at any time to their needs. Four of our working formats are: Managed Services, Dedicated Team, Build-Operate-Transfer, and Fixed & Flexible Projects.\n\nSince 2017, fram^ has become a group company publicly listed on Nasdaq First North: FRAM B. fram^ is recently proud to be ranked #212 among Europe's 1,000 fastest growing companies by the prestigious Financial Times!",
    "services": [
      "App Development Company",
      "Web Developer",
      "SEO Company",
      "Digital Marketing Company",
      "Software Development Company",
      "Web Design Company",
      "Android App Development Company",
      "iOS App Development Company",
      "iPhone App Development Company",
      "iPad App Development Company",
      "Cross Platform App Development Company",
      "React Native App Development Company",
      "Windows App Development Company",
      "Wearable Developer",
      "Enterprise App Development Company",
      "Education App Development Company",
      "Health & Wellness App Development Company",
      "Mobile Game App Development Company",
      "Social Media Developer",
      "PHP Developer",
      "Wordpress Developer",
      "Drupal Developer",
      "Magento Developer",
      "Shopify Developer",
      "Local SEO Company",
      "App Marketing Company",
      "Advertising Company",
      "PPC Company",
      "Social Media Marketing Company",
      "Content Marketing Company",
      "Digital Agencies ",
      "Creative Agencies ",
      "Branding Company",
      "Email Marketing Company",
      "Market Research Company",
      "Data Analytics Company",
      "Software Testing Company",
      "Internet of Things (IoT) Developer",
      "VR & AR Developer",
      "Blockchain Developer",
      "Machine Learning Company",
      "Artificial Intelligence Company",
      "IT Consulting Company",
      "Cloud Computing Company",
      "UX design Company",
      "Graphic Design Company",
      "Logo Design Company",
      "Design Company"
    ],
    "portfolios": []
  },
  {
    "img": "https://www.appfutura.com/uploads/images/cache/f39d317c8fe9d8b8649af9a2a75b19111598535425_150_150.png",
    "companyName": "MTI Technology AI Lab",
    "location": " Vietnam, Hồ Chí Minh, Ho Chi Minh City",
    "linkWebsite": "https://ailab.mti-vietnam.vn/?utm_source=AppFutura&utm_medium=Link&utm_campaign=AppFutura",
    "description": "MTI Technology AI Lab is located in Ho Chi Minh City , Vietnam and also\nwe are the subsidiary company of MTI Japan.\nWe focus on the AI and Data Science Project.\nA lots of Data Scientist and AI Engineer is proceeding the AI / Data Science Project.\n\nOur Business Fields\n-Healthcare\n-Pharmacy\n-Medical\n-Financial\n-Insurance\n-other business industry\n\nOur main technical\n-Data Analysis/ Data Prediction\n-Natural Language Processing ( NLP )\n-Algorithm\n-Machine Learning\n-Deep Learning\n\nAI Project Example\n-OCR\n-Data Analysis/ Prediction for Health care\n-Data Analysis/ Prediction for weather data\n-Search Algorithm\n-Interactive Search Tool",
    "services": [
      "Software Development Company",
      "Artificial Intelligence Company",
      "Machine Learning Company"
    ],
    "portfolios": []
  },
  {
    "img": "https://www.appfutura.com/uploads/images/cache/33970589430847ea5510a287c907ff9c1622632392_150_150.png",
    "companyName": "Global Enterprise Mobility",
    "location": " Vietnam, Hà Nội, Hanoi",
    "linkWebsite": "https://www.gemvietnam.com/?utm_source=AppFutura&utm_medium=Link&utm_campaign=AppFutura",
    "description": "Global Enterprise Mobility (GEM) – the global technology and IT services company - is one of the proud representatives for the emerging Vietnamese IT sector. Established in 2014, we have expanded globally and assisted a wide array of international clients in multiple countries and regions, such as Korea, Japan, Singapore, Australia, the U.S, and the EU, to reach their business goals. With a customer-centric mindset, we are passionate about using technology to drive new value and contribute to our customers’ sustainable future.",
    "services": [
      "App Development Company",
      "Software Development Company",
      "Android App Development Company",
      "iOS App Development Company",
      "iPhone App Development Company",
      "iPad App Development Company",
      "Cross Platform App Development Company",
      "React Native App Development Company",
      "Windows App Development Company",
      "Wearable Developer",
      "Enterprise App Development Company",
      "Education App Development Company",
      "Health & Wellness App Development Company",
      "Internet of Things (IoT) Developer",
      "Machine Learning Company",
      "Artificial Intelligence Company",
      "IT Consulting Company",
      "Cloud Computing Company"
    ],
    "portfolios": []
  },
  {
    "img": "https://www.appfutura.com/uploads/images/cache/f10491dda60703798c9eaff4ae90e3571626080038_150_150.jpg",
    "companyName": "Dallmeier Vietnam",
    "location": " Vietnam, Ðà Nẵng, Hải Châu",
    "linkWebsite": "https://dallmeier.vn/?utm_source=AppFutura&utm_medium=Link&utm_campaign=AppFutura",
    "description": "DALLMEIER VIETNAM Ltd. is one of the technologically leading software development companies in Vietnam delivering outsourcing/ offshoring service, software consulting, and infrastructure provisioning. We are experienced in the development of enterprise applications, mobile apps, web apps, microservices, cloud services and IoT to our clients worldwide.\n\nSince it was founded in Da Nang in December 2017, Dallmeier Vietnam has built up a strong development team with broad expertise and implemented numerous software ideas into reality.\nDallmeier Vietnam is part of the international Dallmeier Group and therefore also offers security products and solutions in Southeast Asia.\n\nKey technologies: Docker, Active MQ, AWS, GCP, Java, Javascript, Go/ Golang, C#, Spring, Angular, React, Node, Unity, SQL, PostgresSQL, Firebase, MongoDb, HTML, CSS and etc.",
    "services": [
      "Software Development Company",
      "Internet of Things (IoT) Developer",
      "Artificial Intelligence Company",
      "IT Consulting Company",
      "Cloud Computing Company"
    ],
    "portfolios": []
  },
  {
    "img": "https://www.appfutura.com/uploads/images/cache/b673f1cf95c3a1c48c2f531ca38ac4221642498553_150_150.jpg",
    "companyName": "Investidea Tech",
    "location": " Vietnam, Hà Nội, Hanoi",
    "linkWebsite": "http://investidea.tech/",
    "description": "We provide a comprehensive IT outsourcing service with the fastest product (MVP) delivery time!\n\nTurning smart ideas in to amazing products are our main focus. We support in all majors from software development including product consultant, working process, infrastructure to technical solution.",
    "services": [
      "App Development Company",
      "Web Developer",
      "Software Development Company",
      "Android App Development Company",
      "iOS App Development Company",
      "Cross Platform App Development Company",
      "React Native App Development Company",
      "Education App Development Company",
      "PHP Developer",
      "Wordpress Developer",
      "Internet of Things (IoT) Developer",
      "IT Consulting Company",
      "Cloud Computing Company"
    ],
    "portfolios": []
  },
  {
    "img": "https://www.appfutura.com/uploads/images/cache/57d34b13f979d4d260b40b0415d2d07c1647598841_150_150.jpg",
    "companyName": "KMS Solutions",
    "location": " Vietnam, Hồ Chí Minh, Ho Chi Minh City",
    "linkWebsite": "https://kms-solutions.asia/?utm_source=AppFutura&utm_medium=Link&utm_campaign=AppFutura",
    "description": "KMS Solutions works closely with leading software companies across the globe to bring the most advanced and innovative technologies to the Asia Pacific. The focus is to help organizations achieve their business goals through world-class fit-for-purpose solutions and proven industry best practices. KMS Solutions’ success is ultimately measured by the positive impact that it makes on the client’s business.",
    "services": [
      "App Development Company",
      "Web Design Company",
      "Software Development Company",
      "Cross Platform App Development Company",
      "UX design Company",
      "IT Consulting Company"
    ],
    "portfolios": []
  },
  {
    "img": "https://www.appfutura.com/uploads/images/cache/9bd7a70e21a2310b7734deaccd4214f01581399846_150_150.png",
    "companyName": "Axon Active",
    "location": " Vietnam, Hồ Chí Minh, Tân Bình",
    "linkWebsite": "https://www.axonactive.com/?utm_source=AppFutura&utm_medium=Link&utm_campaign=AppFutura",
    "description": "Axon Active is a Swiss offshore software development company with strong expertise in Agile software development and a large portfolio of successful international projects, ranging from small businesses to highly complex multi-platform systems for large corporate clients. We builds solid partnerships with our clients by assembling tailored development teams who deliver high-quality, innovative solutions at a very competitive price for your custom software development.",
    "services": [
      "App Development Company",
      "Web Developer",
      "Web Design Company",
      "Software Development Company",
      "Android App Development Company",
      "iOS App Development Company",
      "iPhone App Development Company",
      "iPad App Development Company",
      "Cross Platform App Development Company",
      "React Native App Development Company",
      "Wearable Developer",
      "PHP Developer",
      "Wordpress Developer",
      "Drupal Developer",
      "Magento Developer",
      "Shopify Developer",
      "UX design Company",
      "Graphic Design Company",
      "Logo Design Company",
      "Design Company",
      "Internet of Things (IoT) Developer",
      "Machine Learning Company",
      "Artificial Intelligence Company",
      "Cloud Computing Company"
    ],
    "portfolios": []
  },
  {
    "img": "https://www.appfutura.com/uploads/images/cache/53db5e719ad270a849c022d35ecf7f6e1629259807_150_150.png",
    "companyName": "Powergate Software",
    "location": " Vietnam, Hà Nội, Hanoi",
    "linkWebsite": "https://powergatesoftware.com/",
    "description": "We are a Global Software Product Studio with over 10 years of experience, across different industries with offices in Australia, Canada, The United Kingdom, The United States, and VietNam, from healthcare to fintech... We are highly concerned with nurturing and bringing to life the innovative ideas of our clients and partners, in such a way that it creates a solution center for the community at large.\n\nPowerGate Software is preferred as 150 top technology company and has a plethora of over 200 successfully delivered projects to clients located across the world. Our client case studies demonstrate a 96% satisfaction rate, ranging from small start-up businesses to multi-national conglomerates.",
    "services": [
      "Web Developer",
      "Software Development Company",
      "Web Design Company",
      "PHP Developer",
      "Wordpress Developer",
      "Drupal Developer",
      "Magento Developer",
      "Shopify Developer",
      "IT Consulting Company",
      "UX design Company"
    ],
    "portfolios": [
      {
        "des": "PowerGate team developed and managed one of the most popular e-scooter mobile apps in South East Asia. Our application innovates the way of people move, get people out of their cars and onto scooters.",
        "img": "https://www.appfutura.com/img/default-image-275-209.png"
      },
      {
        "des": "",
        "img": ""
      }
    ]
  },
  {
    "img": "https://www.appfutura.com/uploads/images/cache/605260f8ad68e077f51ba4754eb95edd1640948149_150_150.png",
    "companyName": "Twendee Software Company",
    "location": " Vietnam, Hà Nội, Hanoi",
    "linkWebsite": "https://twendeesoft.com/",
    "description": "Twendee is a global full-cycle software development company with experience seniors and a focus on the latest technologies. Since 11/2018, we have been helping companies achieve their goals with impactful, industry-specific software solutions.\n\nWe have 20+ Vietnamese developers working on multiple domains like Healthcare, Education Technology, Sport, Media & Entertainment, Manufacturing, ...\n\nWe have developed various application backed by scalable technologies such as Java, JavaScript, React js, React Native, PHP, NodeJS, Nginx, Oracle, MongoDB, MySQL, Docker,...",
    "services": [
      "App Development Company",
      "Web Developer",
      "Software Development Company",
      "Android App Development Company",
      "iOS App Development Company",
      "Cross Platform App Development Company",
      "React Native App Development Company",
      "Windows App Development Company",
      "Enterprise App Development Company",
      "Health & Wellness App Development Company",
      "PHP Developer",
      "Wordpress Developer",
      "Drupal Developer",
      "Magento Developer",
      "Shopify Developer",
      "Internet of Things (IoT) Developer",
      "Blockchain Developer",
      "IT Consulting Company",
      "Cloud Computing Company"
    ],
    "portfolios": []
  },
  {
    "img": "https://www.appfutura.com/uploads/images/cache/56dd425e08047a1def0ec30593f6c53c1548070252_150_150.png",
    "companyName": "VietsoftwareInternational",
    "location": " Vietnam, Hà Nội, Hanoi",
    "linkWebsite": "https://vsi-international.com/",
    "description": "VietSoftware International (often referred to as VSII), established in 2006, is one of the leading software outsourcing companies in Vietnam. Internationally, VSII has been a trusted supplier to IBM for many years.\nFor more information, please visit us at www.vsi-international.com",
    "services": [
      "App Development Company",
      "Web Developer",
      "Software Development Company",
      "Windows App Development Company",
      "iPad App Development Company",
      "iOS App Development Company",
      "iPhone App Development Company",
      "Blockchain Developer"
    ],
    "portfolios": []
  },
  {
    "img": "https://www.appfutura.com/uploads/images/cache/68c5fe730dad19938d6bb9d7144d99ea1520957633_150_150.png",
    "companyName": "Relia Software",
    "location": " Vietnam, Hồ Chí Minh, Ho Chi Minh City",
    "linkWebsite": "https://reliasoftware.com/",
    "description": "Relia is a complete product development shop from initial concept or idea to live product and application. We also process in-house DevOps and QA experts to ensure one stop solution to our clientele.\n\nWe build apps for startups and enterprises which ensure scalability, robustness and top-notch user experiences. We have built more than 300+ apps since 2011 for both web and mobile platforms varying over 10+ industries gives us the edge over our competition and a perfect product delivered to our clients",
    "services": [
      "App Development Company",
      "Software Development Company",
      "Web Developer",
      "Android App Development Company",
      "iOS App Development Company",
      "iPhone App Development Company",
      "iPad App Development Company",
      "Cross Platform App Development Company",
      "React Native App Development Company",
      "Wearable Developer",
      "Enterprise App Development Company",
      "Education App Development Company",
      "Health & Wellness App Development Company",
      "Internet of Things (IoT) Developer",
      "VR & AR Developer"
    ],
    "portfolios": []
  },
  {
    "img": "https://www.appfutura.com/uploads/images/cache/7c7c638968dfae1b2c8a0980e9417b8f1540998853_150_150.png",
    "companyName": "Savvycom JSC",
    "location": " Vietnam, Hà Nội, Hanoi",
    "linkWebsite": "https://savvycomsoftware.com/",
    "description": "Vietnam’s Most Trusted App Developer and Tech Co-Founders. We make apps successful by providing more than just development. We help market, scale and improve your app idea, effectively acting as an extended CTO. Founded in 2009 by a small team of passionate, Savvycom now has a balanced blend of technology skills and domain knowledge of seasoned IT professionals, powered by passion for IT.",
    "services": [
      "App Development Company",
      "Software Development Company",
      "Web Developer",
      "Android App Development Company",
      "iOS App Development Company",
      "Cross Platform App Development Company",
      "Wearable Developer",
      "Health & Wellness App Development Company",
      "Social Media Developer",
      "Internet of Things (IoT) Developer"
    ],
    "portfolios": []
  },
  {
    "img": "https://www.appfutura.com/uploads/images/cache/705e9273a8e2c7306a06ba72145868081528599681_150_150.png",
    "companyName": "TP&P Technology",
    "location": " Vietnam, Hồ Chí Minh, Ho Chi Minh City",
    "linkWebsite": "http://www.tpptechnology.com/",
    "description": "TP&P Technology is a leading offshore IT service provider in Ho Chi Minh City, the Silicon Valley of Vietnam. TP&P provide specialized expertise across a broad range of services: Software development and IT infrastructure management, web and mobile app development service, and Business Solutions Consulting and deployment.\n\nTP&P’s management group is among the most accomplished in the industry, who are former co-founders of leading IT corporates in Viet Nam.\n\nWe aim to build the most creative, dynamic and collaborate environment in which the employees are highly motivated by giving appropriated autonomy to innovate and apply into works at the most effective, efficient and professional manner.",
    "services": [
      "App Development Company",
      "Software Development Company",
      "Web Developer",
      "Android App Development Company",
      "iOS App Development Company",
      "iPhone App Development Company",
      "iPad App Development Company",
      "Cross Platform App Development Company",
      "React Native App Development Company",
      "Wearable Developer",
      "Enterprise App Development Company",
      "Education App Development Company",
      "Social Media Developer",
      "Internet of Things (IoT) Developer"
    ],
    "portfolios": []
  },
  {
    "img": "https://www.appfutura.com/uploads/images/cache/1a0db8cfdf62d96c81a0423dcc36224b1543466957_150_150.jpg",
    "companyName": "Designveloper",
    "location": " Vietnam, Hồ Chí Minh, Ða Kao",
    "linkWebsite": "https://www.designveloper.com/?utm_source=AppFutura&utm_medium=Link&utm_campaign=AppFutura",
    "description": "We are a leading software development company in Vietnam.  We build enterprise web apps, mobile apps, eCommerce, SaaS, VOIP system, UX/UI design for startups and large companies.",
    "services": [
      "App Development Company",
      "Software Development Company",
      "Web Developer",
      "Android App Development Company",
      "iOS App Development Company",
      "iPhone App Development Company",
      "iPad App Development Company",
      "Cross Platform App Development Company",
      "React Native App Development Company",
      "Enterprise App Development Company",
      "Blockchain Developer"
    ],
    "portfolios": []
  },
  {
    "img": "https://www.appfutura.com/uploads/images/cache/5152a5ec6bd037dad04ad1133fb6c3d11547452415_150_150.jpg",
    "companyName": "Kyanon Digital",
    "location": " Vietnam, Hồ Chí Minh, Ho Chi Minh City",
    "linkWebsite": "https://kyanon.digital/",
    "description": "Kyanon Digital is a leading Agile tech production house in APAC, with more than 10 years of industry expertise. We are committed to delivering high performing technical solutions to help our clients improve efficiency, foster innovation and achieve success.\n\nWe are driven by the motto of integrity, being collaborative, passionate, different and playful. And our goal is to become one of the most trusted tech partners for companies in APAC, from startups to MNCs.\n\n----------Main business:\nPRODUCT ENGINEERING: - From Ideas to MVP - Product Development - Digital Experiences Enabling\nDATA ENGINEERING: - Data Pipeline - Data Repository - Data Visualization",
    "services": [
      "Software Development Company",
      "Internet of Things (IoT) Developer"
    ],
    "portfolios": []
  },
  {
    "img": "https://www.appfutura.com/uploads/images/cache/477e68317a189371c4f0ca126b275f4a1561615519_150_150.png",
    "companyName": "Siclo",
    "location": " Vietnam, Hồ Chí Minh, Bình Thanh",
    "linkWebsite": "https://www.siclo-mobile.com/?utm_source=AppFutura&utm_medium=Link&utm_campaign=AppFutura",
    "description": "Siclo Mobile is the top qualified application development studio in Ho Chi Minh City, being established in both Vietnam and France and working internationally.\nWe code and design both professional websites and mobile applications ; our mission is to listen to our partners' ideas and shape them into fully functional digital products. We also share our expertise through various types of audits.",
    "services": [
      "Software Development Company",
      "App Development Company",
      "Web Developer",
      "Design Company",
      "UX design Company",
      "Branding Company",
      "Android App Development Company",
      "iOS App Development Company"
    ],
    "portfolios": []
  },
  {
    "img": "https://www.appfutura.com/uploads/images/cache/e251bc1780370db90f33b431e044c6551581410370_150_150.jpg",
    "companyName": "NNG",
    "location": " Vietnam, Hồ Chí Minh, Ða Kao",
    "linkWebsite": "http://www.nng.bz/",
    "description": "NNG is a team of talented developers, designers, and marketers located in Ho Chi Minh City, Vietnam. Our company formed due to increasing demand and growth of the IT sector around the world and for the love of technology. Our company's founders are western educated and our clientele spans around the globe from North America, Europe, and to Asia.",
    "services": [
      "App Development Company",
      "Web Developer",
      "Digital Marketing Company",
      "Software Development Company",
      "Android App Development Company",
      "iOS App Development Company",
      "iPhone App Development Company",
      "iPad App Development Company",
      "Cross Platform App Development Company",
      "React Native App Development Company",
      "Windows App Development Company",
      "PHP Developer",
      "Magento Developer",
      "Social Media Marketing Company",
      "Software Testing Company",
      "Internet of Things (IoT) Developer",
      "Machine Learning Company",
      "Artificial Intelligence Company",
      "IT Consulting Company"
    ],
    "portfolios": []
  },
  {
    "img": "https://www.appfutura.com/uploads/images/cache/e66100e5ed46d80507aaa84aad9c483a1595307232_150_150.jpg",
    "companyName": "Enlab Software",
    "location": " Vietnam, Ðà Nẵng, Hòa Xuân",
    "linkWebsite": "https://enlabsoftware.com/?utm_source=AppFutura&utm_medium=Link&utm_campaign=AppFutura",
    "description": "Enlab is a dedicated offshore software development company in Vietnam, one of the top-ranked countries in software outsourcing in the world. Our focus is to provide excellent custom enterprise solutions with top-notch quality in every Agile delivery.\n\nOur technology stacks include: ASP.NET, WCF/WebAPI, ASP.NET Core, Python/Django, PHP, Laravel, StreamInsight, T-SQL Programming, SQL Server, MongoDB, ExtJS, Ext.NET, DevExpress, Telerik, Kendo UI, Angular, VueJS, HTML5, CSS3, Xamarin, Flutter, Azure, AWS.\n\nWe offer a wide range of services for enterprises, startups, IT consulting vendors, digital agencies across the sea: Web application development, Cross-platform app development in Xamarin and Flutter, Software customization and enhancement.\n\nWe have experience in different domains and industries like real estate, construction, education, data management, procurement, marketing, recruitment, and ERP.",
    "services": [
      "App Development Company",
      "Web Developer",
      "Software Development Company",
      "Cross Platform App Development Company"
    ],
    "portfolios": []
  },
  {
    "img": "https://www.appfutura.com/uploads/images/cache/9b3c5b17c4e2f0de55806785dc2c25031594813771_150_150.jpg",
    "companyName": "TMA Innovation Company",
    "location": " Vietnam, Hồ Chí Minh, Ho Chi Minh City",
    "linkWebsite": "https://www.tmainnovation.com/?utm_source=AppFutura&utm_medium=Link&utm_campaign=AppFutura",
    "description": "TMA Innovation aims at making technology simple, common and more accessible to everyone and every business while maintaining a low cost.\n\nNearly a decade of strong investment in technologies, TMA Innovation has been offering various innovative products applied new technologies such as Data Science, Artificial Intelligence, Big Data, IoT, Blockchain, etc for customers from over the world. TMA is recognized as Top 10 leading Technology companies in Vietnam.",
    "services": [
      "Software Development Company",
      "Internet of Things (IoT) Developer",
      "Blockchain Developer",
      "Machine Learning Company",
      "Artificial Intelligence Company"
    ],
    "portfolios": []
  }
]