[
  {
    "img": "https://www.appfutura.com/uploads/images/cache/56dd425e08047a1def0ec30593f6c53c1548070252_150_150.png",
    "companyName": "VietsoftwareInternational",
    "location": " Vietnam, Hà Nội, Hanoi",
    "linkWebsite": "https://vsi-international.com/",
    "description": "VietSoftware International (often referred to as VSII), established in 2006, is one of the leading software outsourcing companies in Vietnam. Internationally, VSII has been a trusted supplier to IBM for many years.\nFor more information, please visit us at www.vsi-international.com",
    "services": [
      "App Development Company",
      "Web Developer",
      "Software Development Company",
      "Windows App Development Company",
      "iPad App Development Company",
      "iOS App Development Company",
      "iPhone App Development Company",
      "Blockchain Developer"
    ],
    "portfolios": []
  },
  {
    "img": "https://www.appfutura.com/uploads/images/cache/27b076afbcb7ee4c6027a8414aa8503f1547555302_150_150.jpg",
    "companyName": "Orient Software",
    "location": " Vietnam, Ho Hai",
    "linkWebsite": "http://www.orientsoftware.net/",
    "description": "Although it may seem hard to believe, the number of mobile phones being used is approximately equal to the number of people on our planet. This means there is a huge market for mobile apps. Is your company doing all it can be take advantage of this tremendous opportunity?\n\nThe expert mobile app developers at Orient Software are fully prepared to guide you and your company every step of the way. Read on to learn about our experience developing apps for the iPhone, iPad, Android, BlackBerry, Windows Phone, and mobile web platforms.",
    "services": [
      "App Development Company",
      "Web Developer",
      "Windows App Development Company",
      "Cross Platform App Development Company",
      "Android App Development Company",
      "iPad App Development Company",
      "iOS App Development Company",
      "iPhone App Development Company",
      "PHP Developer"
    ],
    "portfolios": []
  },
  {
    "img": "https://www.appfutura.com/uploads/images/cache/3554bc863fa70f6f81173984490a849a1399283221_150_150.jpg",
    "companyName": "Sutrix Media",
    "location": " Vietnam, Hồ Chí Minh, Ho Chi Minh City",
    "linkWebsite": "http://sutrixmedia.com/",
    "description": "Sutrix Media builds web & mobile applications for digital agencies in US, Europe and APAC. We have long term partnerships with onshore digital agencies in USA, France, Australia, Denmark & Finland who continually sends projects for development. We offer our clients flexible engagement models that are billed on a project basis or as a retained dedicated team.\n\nOur Mobile developers write native code for iOS, Android & Window Phone. We can develop for both phone and tablets in these platforms. We can also use cross-platform frameworks such as Phonegap for simple mobile applications.",
    "services": [
      "App Development Company",
      "Web Developer",
      "iPad App Development Company",
      "iOS App Development Company",
      "Windows App Development Company",
      "iPhone App Development Company",
      "Android App Development Company"
    ],
    "portfolios": []
  },
  {
    "img": "https://www.appfutura.com/uploads/images/cache/3f5a81d9b29ec5a9f181fcadbf077aa51418919837_150_150.png",
    "companyName": "BH Tech",
    "location": " Vietnam, Hà Nội, Hanoi",
    "linkWebsite": "http://bhtech.com.vn/",
    "description": "Bac Ha Technology Co. Ltd. (BHTech) was established in 2002. The company has been focusing on software development of construction projects in domestic market for the first ten years.\n\nIn the summer of 2012, there was an opportunity to build up a team with a reliable partner based on a long-term relationship between the Chairmans of BHTech and VIANOVA. BHTech started with its on-going projects and the new one as team building service. This is a new idea in software-development service with foreigner customers.\nIn May 2013, BHTech drives forward to the software development service based on team building service and it turns to be a main strategy of the company. Our main customer is Vianova System Finland Oy. Additionally, BHTech has other customers from EU and US.\nIn the end of 2014, BHTech International and BHTech Mobile was established. It is a start of the BHTech Ecosystem.",
    "services": [
      "App Development Company",
      "Web Developer",
      "iPad App Development Company",
      "iOS App Development Company",
      "iPhone App Development Company",
      "Android App Development Company",
      "PHP Developer"
    ],
    "portfolios": []
  },
  {
    "img": "https://www.appfutura.com/uploads/images/cache/2d791b501d280a6f8458d689cd9be7f51543340215_150_150.png",
    "companyName": "Verztec",
    "location": " Vietnam, Hồ Chí Minh, Ho Chi Minh City",
    "linkWebsite": "http://www.verztec.com/",
    "description": "We are Verztec a leading ISO 9001:2008 Global Content Consulting Company. Verztec assists companies around the Globe to design, develop, localize and publish their global communication messages in over 100 languages across various channels.\n\nRecently we have hired highly professional team of graphic designers, web, software and mobile application developers to be able to provide high quality, fast and long-term services to our existing and potential clients all over the World. In addition, we are highly experienced in any kinds of localization, such as software, mobile application and other types of multimedia.\n\nOur rates for the above said products and services are more than reasonable, if compare with our competitors, but our quality and lead time will satisfied the most exacting customer due to our strict company’s policy and huge experience in cooperation with such big companies as: Google, Intel, IBM, Dell, HP, BMW, VOLVO, GM, P&G, Unilever, SONY, SAMSUNG, MasterCard and many",
    "services": [
      "App Development Company",
      "Web Developer",
      "Web Design Company",
      "iPhone App Development Company",
      "Windows App Development Company",
      "Android App Development Company",
      "iPad App Development Company",
      "iOS App Development Company",
      "Graphic Design Company"
    ],
    "portfolios": []
  },
  {
    "img": "https://www.appfutura.com/uploads/images/cache/90b3bdeb6fbc3191beda6f906a1349211456373207_150_150.jpg",
    "companyName": "Saigon Technology Solutions",
    "location": " Vietnam, Hồ Chí Minh, Ho Chi Minh City",
    "linkWebsite": "http://www.saigontechnology.vn/",
    "description": "Saigon Technology Software is a Vietnam software development company, established in 2010, located in center of Ho Chi Minh City, Vietnam.\nWe focus on delivering the best and most cost-effective solutions to our clients in areas such as e-finance, e-business, healthcare, and media.\nCombining proven expertise in technology, and domain expertise, we deliver a wide range of software outsourcing services that includes:\n\nCustom Application Development\nSoftware Outsourcing Services\nWeb Application Development\nMobile Application Development\nOffshore Software Development\n\nSaigon Technology Software has very strong expertise in ASP.NET, AngularJS, NodeJS, iOS, Android applications development.\n\nSaigon Technology Software is specialized in providing professional Offshore Software Development & Software Development Outsourcing Services based on the Offshore Development Center .",
    "services": [
      "App Development Company",
      "Web Developer",
      "Android App Development Company",
      "iOS App Development Company"
    ],
    "portfolios": []
  },
  {
    "img": "https://www.appfutura.com/uploads/images/cache/9bd44ec5481b42a051ffef17c749172e1480911566_150_150.jpg",
    "companyName": "Success Software Services",
    "location": " Vietnam, Hồ Chí Minh, Ho Chi Minh City",
    "linkWebsite": "http://success-ss.com/",
    "description": "- With 50++ software engineers based in HCM City - Vietnam, we provide software services for enterprises in form of web development and mobile, especially with our strong expertise in healthcare, education, real estate and construction, retail and e-commerce.\n- We are the youngest company in Vietnam certified CMMI level 3, an international quality management standard, among other 30 IT companies totally in Vietnam certified this standard (https://sas.cmmiinstitute.com/pars/pars.aspx - please filter by Vietnam)\n- We are recommended by Gartner as a software company to partner with in Vietnam (based on the report: \"Leading Offshore Services Locations in Asia/Pacific, 2015: Smaller Countries Gain Traction”)\n- Just October last year, we had been awarded by VNITO (the biggest Vietnam IT Outsourcing Alliance, www.vnito.org) as one of the top 33 IT outsourcing companies in Vietnam that had outstanding performance in 2015.\n- More than 50 successful projects in Netherlands, North America.",
    "services": [
      "App Development Company",
      "Web Developer",
      "iOS App Development Company",
      "iPhone App Development Company",
      "PHP Developer",
      "Wordpress Developer",
      "Drupal Developer"
    ],
    "portfolios": []
  },
  {
    "img": "https://www.appfutura.com/uploads/images/cache/960e7f4106829fcc6dc1ab34a228c8ae1540917011_150_150.jpg",
    "companyName": "BeeSight Soft",
    "location": " Vietnam, Hồ Chí Minh, Tân Bình",
    "linkWebsite": "http://beesightsoft.com/",
    "description": "Founded since 2011 by young and passionate technologists. Beesight Soft has started by innovative passion \"together makes perfect\". Since the, Beesight Soft has been initially successful in providing high quality outsourcing services, creating reputation for many domestic and foreign enterprises. Beesight Soft will grow with continuous efforts to explore the needs and build the best solutions for your business within reasonable budget.",
    "services": [
      "App Development Company",
      "Web Developer",
      "Android App Development Company",
      "iOS App Development Company",
      "iPhone App Development Company",
      "iPad App Development Company",
      "Cross Platform App Development Company",
      "PHP Developer",
      "Wordpress Developer"
    ],
    "portfolios": []
  },
  {
    "img": "https://www.appfutura.com/uploads/images/cache/9722c4799b1f68fce69a421ef17c3b2e1515906811_150_150.png",
    "companyName": "3FORCOM",
    "location": " Vietnam, Hồ Chí Minh, Chí Hòa",
    "linkWebsite": "https://www.3forcom.com/solutions/mobile-application/",
    "description": "3FORCOM is an international IT partner, established since 2008. We provide web and mobile app design & development service, using Swift, Objective-C, Java, PHP, ASP.NET and a varieties of technical choices for database and analytics.\nOur team has more than 40 members: developers, designers, business analysts, testers, client account managers and a network of experienced consultants to help you unleash your business with useful applications.\nOur production house is located in district 10, Ho Chi Minh city, Vietnam.",
    "services": [
      "App Development Company",
      "Web Developer",
      "Digital Marketing Company",
      "Android App Development Company",
      "iOS App Development Company",
      "Cross Platform App Development Company",
      "Software Testing Company"
    ],
    "portfolios": []
  },
  {
    "img": "https://www.appfutura.com/uploads/images/cache/68c5fe730dad19938d6bb9d7144d99ea1520957633_150_150.png",
    "companyName": "Relia Software",
    "location": " Vietnam, Hồ Chí Minh, Ho Chi Minh City",
    "linkWebsite": "https://reliasoftware.com/",
    "description": "Relia is a complete product development shop from initial concept or idea to live product and application. We also process in-house DevOps and QA experts to ensure one stop solution to our clientele.\n\nWe build apps for startups and enterprises which ensure scalability, robustness and top-notch user experiences. We have built more than 300+ apps since 2011 for both web and mobile platforms varying over 10+ industries gives us the edge over our competition and a perfect product delivered to our clients",
    "services": [
      "App Development Company",
      "Software Development Company",
      "Web Developer",
      "Android App Development Company",
      "iOS App Development Company",
      "iPhone App Development Company",
      "iPad App Development Company",
      "Cross Platform App Development Company",
      "React Native App Development Company",
      "Wearable Developer",
      "Enterprise App Development Company",
      "Education App Development Company",
      "Health & Wellness App Development Company",
      "Internet of Things (IoT) Developer",
      "VR & AR Developer"
    ],
    "portfolios": []
  },
  {
    "img": "https://www.appfutura.com/uploads/images/cache/7c7c638968dfae1b2c8a0980e9417b8f1540998853_150_150.png",
    "companyName": "Savvycom JSC",
    "location": " Vietnam, Hà Nội, Hanoi",
    "linkWebsite": "https://savvycomsoftware.com/",
    "description": "Vietnam’s Most Trusted App Developer and Tech Co-Founders. We make apps successful by providing more than just development. We help market, scale and improve your app idea, effectively acting as an extended CTO. Founded in 2009 by a small team of passionate, Savvycom now has a balanced blend of technology skills and domain knowledge of seasoned IT professionals, powered by passion for IT.",
    "services": [
      "App Development Company",
      "Software Development Company",
      "Web Developer",
      "Android App Development Company",
      "iOS App Development Company",
      "Cross Platform App Development Company",
      "Wearable Developer",
      "Health & Wellness App Development Company",
      "Social Media Developer",
      "Internet of Things (IoT) Developer"
    ],
    "portfolios": []
  },
  {
    "img": "https://www.appfutura.com/uploads/images/cache/705e9273a8e2c7306a06ba72145868081528599681_150_150.png",
    "companyName": "TP&P Technology",
    "location": " Vietnam, Hồ Chí Minh, Ho Chi Minh City",
    "linkWebsite": "http://www.tpptechnology.com/",
    "description": "TP&P Technology is a leading offshore IT service provider in Ho Chi Minh City, the Silicon Valley of Vietnam. TP&P provide specialized expertise across a broad range of services: Software development and IT infrastructure management, web and mobile app development service, and Business Solutions Consulting and deployment.\n\nTP&P’s management group is among the most accomplished in the industry, who are former co-founders of leading IT corporates in Viet Nam.\n\nWe aim to build the most creative, dynamic and collaborate environment in which the employees are highly motivated by giving appropriated autonomy to innovate and apply into works at the most effective, efficient and professional manner.",
    "services": [
      "App Development Company",
      "Software Development Company",
      "Web Developer",
      "Android App Development Company",
      "iOS App Development Company",
      "iPhone App Development Company",
      "iPad App Development Company",
      "Cross Platform App Development Company",
      "React Native App Development Company",
      "Wearable Developer",
      "Enterprise App Development Company",
      "Education App Development Company",
      "Social Media Developer",
      "Internet of Things (IoT) Developer"
    ],
    "portfolios": []
  },
  {
    "img": "https://www.appfutura.com/uploads/images/cache/b94dcb3ffd37199199421a1a0c570bd01531899737_150_150.jpg",
    "companyName": "EASTGATESOFTWARE",
    "location": " Vietnam, Hà Nội, Hanoi",
    "linkWebsite": "http://www.eastgate-software.com/",
    "description": "Eastgate Software is an outsourcing software development company that builds custom business solutions and applications. Founded in November 2014 in Vietnam, company has high-qualified staff with 20+ year experiences in software development including web/mobile and desktop applications. Eastgate Software has offices in Vietnam, Germany and USA.\n\nCustomer satisfaction is our highest priority. Therefore, our German and US senior experts offer local consulting support for customers in Europe and US. We put our heart into each individual project, and truly believe that we can create successful technology solutions which perfectly fit to your business.",
    "services": [
      "Web Developer"
    ],
    "portfolios": []
  },
  {
    "img": "https://www.appfutura.com/uploads/images/cache/1a0db8cfdf62d96c81a0423dcc36224b1543466957_150_150.jpg",
    "companyName": "Designveloper",
    "location": " Vietnam, Hồ Chí Minh, Ða Kao",
    "linkWebsite": "https://www.designveloper.com/?utm_source=AppFutura&utm_medium=Link&utm_campaign=AppFutura",
    "description": "We are a leading software development company in Vietnam.  We build enterprise web apps, mobile apps, eCommerce, SaaS, VOIP system, UX/UI design for startups and large companies.",
    "services": [
      "App Development Company",
      "Software Development Company",
      "Web Developer",
      "Android App Development Company",
      "iOS App Development Company",
      "iPhone App Development Company",
      "iPad App Development Company",
      "Cross Platform App Development Company",
      "React Native App Development Company",
      "Enterprise App Development Company",
      "Blockchain Developer"
    ],
    "portfolios": []
  },
  {
    "img": "https://www.appfutura.com/uploads/images/cache/477e68317a189371c4f0ca126b275f4a1561615519_150_150.png",
    "companyName": "Siclo",
    "location": " Vietnam, Hồ Chí Minh, Bình Thanh",
    "linkWebsite": "https://www.siclo-mobile.com/?utm_source=AppFutura&utm_medium=Link&utm_campaign=AppFutura",
    "description": "Siclo Mobile is the top qualified application development studio in Ho Chi Minh City, being established in both Vietnam and France and working internationally.\nWe code and design both professional websites and mobile applications ; our mission is to listen to our partners' ideas and shape them into fully functional digital products. We also share our expertise through various types of audits.",
    "services": [
      "Software Development Company",
      "App Development Company",
      "Web Developer",
      "Design Company",
      "UX design Company",
      "Branding Company",
      "Android App Development Company",
      "iOS App Development Company"
    ],
    "portfolios": []
  },
  {
    "img": "https://www.appfutura.com/uploads/images/cache/e251bc1780370db90f33b431e044c6551581410370_150_150.jpg",
    "companyName": "NNG",
    "location": " Vietnam, Hồ Chí Minh, Ða Kao",
    "linkWebsite": "http://www.nng.bz/",
    "description": "NNG is a team of talented developers, designers, and marketers located in Ho Chi Minh City, Vietnam. Our company formed due to increasing demand and growth of the IT sector around the world and for the love of technology. Our company's founders are western educated and our clientele spans around the globe from North America, Europe, and to Asia.",
    "services": [
      "App Development Company",
      "Web Developer",
      "Digital Marketing Company",
      "Software Development Company",
      "Android App Development Company",
      "iOS App Development Company",
      "iPhone App Development Company",
      "iPad App Development Company",
      "Cross Platform App Development Company",
      "React Native App Development Company",
      "Windows App Development Company",
      "PHP Developer",
      "Magento Developer",
      "Social Media Marketing Company",
      "Software Testing Company",
      "Internet of Things (IoT) Developer",
      "Machine Learning Company",
      "Artificial Intelligence Company",
      "IT Consulting Company"
    ],
    "portfolios": []
  },
  {
    "img": "https://www.appfutura.com/uploads/images/cache/58bd767dfb55de6719af10d860013a171594978925_150_150.jpg",
    "companyName": "株式会社HBLAB",
    "location": " Vietnam, Hà Nội, Hanoi",
    "linkWebsite": "https://hblab.co.jp/",
    "description": "HBLAB Co., Ltd. is an offshore company which has excellent staff and much experiences in various fields such as web system development, smartphone application development, AI solution development.",
    "services": [
      "App Development Company",
      "Web Developer",
      "Artificial Intelligence Company"
    ],
    "portfolios": []
  },
  {
    "img": "https://www.appfutura.com/uploads/images/cache/9e411a7d4c27f8131fce7829e55e23281594983095_150_150.jpg",
    "companyName": "AgileTech",
    "location": " Vietnam, Hà Nội, Hanoi",
    "linkWebsite": "https://agiletech.vn/",
    "description": "AgileTech is a quality outsourcing company specializing in Website/Mobile Apps, Blockchain services, AI – big data Services. Since 2015, we have become the technology partner for many startups in which millions of US dollars were invested.\n\nWith a talented team and a transparent working process, we are always ready to move forwards with you on the way to pursuing innovative ideas.",
    "services": [
      "App Development Company",
      "Web Developer",
      "Android App Development Company",
      "iOS App Development Company",
      "iPhone App Development Company",
      "Cross Platform App Development Company",
      "React Native App Development Company",
      "Education App Development Company",
      "Health & Wellness App Development Company",
      "Social Media Developer",
      "PHP Developer",
      "Wordpress Developer",
      "Magento Developer"
    ],
    "portfolios": []
  },
  {
    "img": "https://www.appfutura.com/uploads/images/cache/e66100e5ed46d80507aaa84aad9c483a1595307232_150_150.jpg",
    "companyName": "Enlab Software",
    "location": " Vietnam, Ðà Nẵng, Hòa Xuân",
    "linkWebsite": "https://enlabsoftware.com/?utm_source=AppFutura&utm_medium=Link&utm_campaign=AppFutura",
    "description": "Enlab is a dedicated offshore software development company in Vietnam, one of the top-ranked countries in software outsourcing in the world. Our focus is to provide excellent custom enterprise solutions with top-notch quality in every Agile delivery.\n\nOur technology stacks include: ASP.NET, WCF/WebAPI, ASP.NET Core, Python/Django, PHP, Laravel, StreamInsight, T-SQL Programming, SQL Server, MongoDB, ExtJS, Ext.NET, DevExpress, Telerik, Kendo UI, Angular, VueJS, HTML5, CSS3, Xamarin, Flutter, Azure, AWS.\n\nWe offer a wide range of services for enterprises, startups, IT consulting vendors, digital agencies across the sea: Web application development, Cross-platform app development in Xamarin and Flutter, Software customization and enhancement.\n\nWe have experience in different domains and industries like real estate, construction, education, data management, procurement, marketing, recruitment, and ERP.",
    "services": [
      "App Development Company",
      "Web Developer",
      "Software Development Company",
      "Cross Platform App Development Company"
    ],
    "portfolios": []
  }
]