[
  {
    "img": "https://www.appfutura.com/uploads/images/cache/150fa13be938fa778bd2d69d56ca99ad1618285221_150_150.png",
    "companyName": "Enable Startup",
    "location": " Vietnam, Ðà Nẵng, Hải Châu",
    "linkWebsite": "https://enablestartup.com/",
    "description": "Enable Startup is a one-stop IT solution provider based in Da Nang, Vietnam. Founded in 2016 on genuine passion for technologies, we have since then embarked relentlessly on more than 50 projects with 30 global businesses of all shapes and sizes across 11 countries. Those challenging yet rewarding endeavors have honed our technical skills to fulfill world-class standards, while complementing our delivery capacities with solid industrial know-hows and best practices.\n\nCurrently, under one roof, we pool talents with a broad spectrum of expertises: enterprise & startup consultants, data scientists, software engineers, designers and marketers.\n\nWe provide startups and enterprises with tailor-made solutions that cover the gamut:\n\n- Website Development\n- Mobile App Development\n- Dedicated Development Teams\n- UI & UX Design\n- Data Analytics\n- IoT Development\n- Blockchain Development\n- Custom Product Development\n\nGet in touch with us at: hello@enablestartup.com",
    "services": [
      "App Development Company",
      "Web Developer",
      "Software Development Company",
      "Web Design Company",
      "Android App Development Company",
      "iOS App Development Company",
      "iPhone App Development Company",
      "iPad App Development Company",
      "Cross Platform App Development Company",
      "React Native App Development Company",
      "Windows App Development Company",
      "Wearable Developer",
      "Enterprise App Development Company",
      "Education App Development Company",
      "Health & Wellness App Development Company",
      "Mobile Game App Development Company",
      "Social Media Developer",
      "PHP Developer",
      "Wordpress Developer",
      "Drupal Developer",
      "Magento Developer",
      "Shopify Developer",
      "Internet of Things (IoT) Developer",
      "Blockchain Developer",
      "Machine Learning Company",
      "Artificial Intelligence Company",
      "IT Consulting Company",
      "Cloud Computing Company",
      "UX design Company"
    ],
    "portfolios": [
      {
        "des": "As BioLogic Technik's key IoT partner, we collaborated with them to come up with an entire IoT ecosystem, consisting of: BIOMECHANICAL WEARABLE, BIOPACER SMARTAPP:, ELDERLY CARE - BED-EXIT FALL PREVENTION SYSTEM, BIOPACER MOBILE APP. Visit the company website at https://biologic.com.sg/",
        "img": "https://www.appfutura.com/img/default-image-275-209.png"
      },
      {
        "des": "",
        "img": ""
      },
      {
        "des": "We developed 2 enterprise systems for MobiFone - the 3rd largest telecommunications provider in Vietnam:\n1. iCEO – KPI Management System: helps manage KPIs and metrics.\n2. Cost Allocation Manager Platform: allows allocating budgets to their cost hierarchy and efficiently track their expenditures.",
        "img": "https://www.appfutura.com/img/default-image-275-209.png"
      },
      {
        "des": "",
        "img": ""
      },
      {
        "des": "A coaching platform targeting the elderly and people with fitness issues as a whole. The app offers rich community features (social, trending, infotainment), virtual coaching resources with a high level of personalization, facilitating users to practice exercise at their own pace.",
        "img": "https://www.appfutura.com/img/default-image-275-209.png"
      },
      {
        "des": "",
        "img": ""
      },
      {
        "des": "A simple yet stunning landing page that fulfills professional and trustworthy look and feel; sufficient and easy-to-understand presentation of the app's features and values. See the work at http://biopacer.biologic.com.sg/",
        "img": "https://www.appfutura.com/img/default-image-275-209.png"
      },
      {
        "des": "",
        "img": ""
      },
      {
        "des": "A bespoke online rental store  that is specialized in premium designer street wear and apparel for the Malaysian market.\nTechnologies: Html/Html5; CSS3; Jquery; PHP-framework Laravel; MySQL; Nginx; AWS\nSee the work at https://hype2u.com/",
        "img": "https://www.appfutura.com/uploads/works/thumb/cache/7fae5ff9c789f716e831adca9240da4e_275_275.png"
      },
      {
        "des": "",
        "img": ""
      },
      {
        "des": "Erria team brought our marketers, UX-UI designers and developers on board with a mission of transforming their website into a brand new version as professional, robust and world-class as the their services’ quality. Visit the website at http://erria.dk/",
        "img": "https://www.appfutura.com/uploads/works/thumb/cache/0e5314183a8a3d168884d3bd0ec90207_275_275.jpg"
      },
      {
        "des": "",
        "img": ""
      },
      {
        "des": "We have provided the client with a dedicated development team for 3 years now.\nVisit the website at https://www.fotokoch.nl/",
        "img": "https://www.appfutura.com/uploads/works/thumb/cache/f68f55fda1c3275f6faf772d58ec7380_275_275.jpg"
      },
      {
        "des": "",
        "img": ""
      },
      {
        "des": "Turbo is an IoT-powered platform that helps take away all the manual operational hurdles, thereby allowing your internal teams to focus on their core tasks.\nTechnologies: NodeJS (Loopback4); PostgresqIM; React JS",
        "img": "https://www.appfutura.com/uploads/works/thumb/cache/63bfc729cd31d9cb2b6410ca445e7558_275_275.png"
      },
      {
        "des": "",
        "img": ""
      },
      {
        "des": "Artist.vn is a booking platform for artists from all over Vietnam. From band to DJ, dance group to magician, for make it easy to find any kind of artist for any type of party, without any hassle. Check the system here: http://artist.vn/",
        "img": "https://www.appfutura.com/uploads/works/thumb/cache/c483b84f3cf32d8c2576b44eef0cce3c_275_275.jpg"
      },
      {
        "des": "",
        "img": ""
      },
      {
        "des": "CHO PHU QUOC mobile app is an e-commerce platform that aims at providing locals in Phu Quoc with an alternative solution to shop online.\n- Friendly interface \n- Merchandisers can open shop easily \n- Easily search \n- Quick payment\n\nTechnology: React Native",
        "img": "https://www.appfutura.com/uploads/works/thumb/cache/ccf2f54ed8f7e9b071aa055765390a3b_275_275.png"
      },
      {
        "des": "",
        "img": ""
      },
      {
        "des": "Grabz.sg is an online local guide to the latest parties, perks and promotions in Singapore. Their members have access to insider pricings with a wide selection of brand names, shops and restaurants in Singapore.",
        "img": "https://www.appfutura.com/uploads/works/thumb/cache/30ad44676799f7eb19d8492ff104319a_275_275.png"
      },
      {
        "des": "",
        "img": ""
      }
    ]
  },
  {
    "img": "https://www.appfutura.com/uploads/images/cache/5a8f823d5a38c8849c8505bf6384fc2e1475555740_150_150.png",
    "companyName": "Vmodev",
    "location": " Vietnam, Hà Nội, Hanoi",
    "linkWebsite": "http://www.vmodev.com/",
    "description": "Where ideas turn into real products.\n\nWe are young professionals with passion for technology and software development. We have over 4 years of experience in designing and developing mobile application and website. For us, Vmodev is like a big family where we can learn work and share life experiences together.\n\nWe have assembled a team of product whizzes, design masters, development geniuses and tester ninja's. Because of working in high-quality demand markets from 4 continents (Europe, Asia, North America and Africa), we always ensure product’s technical quality and beautiful graphic interface on various platforms: iOS, Android, Windows phone and Website.",
    "services": [
      "Web Design Company",
      "Digital Marketing Company",
      "App Development Company",
      "Software Development Company",
      "Web Developer",
      "UX design Company",
      "Graphic Design Company",
      "Software Testing Company",
      "Android App Development Company",
      "iOS App Development Company",
      "iPhone App Development Company",
      "iPad App Development Company",
      "Cross Platform App Development Company",
      "Health & Wellness App Development Company",
      "Social Media Developer",
      "Internet of Things (IoT) Developer",
      "PHP Developer",
      "Wordpress Developer"
    ],
    "portfolios": []
  },
  {
    "img": "https://www.appfutura.com/uploads/images/cache/5bdfa8544a820c658dcd557cdd313ba61603960321_150_150.png",
    "companyName": "Faba Technology",
    "location": " Vietnam, Hồ Chí Minh, Ho Chi Minh City",
    "linkWebsite": "https://fabatechnology.com/",
    "description": "We utilize Web and Mobile technologies to deliver top-quality software solutions.\n\nEvery engagement starts with our free consulting service and ends with satisfactory resolution and delivery. We offer not only our expertise but also a flexible and supportive team, which allows us to overcome location and time difference.\nWe are a competent, professional, and attentive team equipped with experience in technology trends, which enables us to take on various development requests of our clients. With our working histories with clients from local to international levels, as well as successful collaborations with a diverse portfolio of clients and industries, you can be reassured that we know how to take care of your products.\n\nOur services include:\n\nStaff Augmentation\nSoftware Product Development\nWeb & Mobile Applications Development\nCloud & DevOps\nMaintenance and Support\nBusiness / Technology Consulting",
    "services": [
      "App Development Company",
      "Web Developer",
      "Software Development Company",
      "Web Design Company",
      "Android App Development Company",
      "iOS App Development Company",
      "iPhone App Development Company",
      "iPad App Development Company",
      "Cross Platform App Development Company",
      "React Native App Development Company",
      "Windows App Development Company",
      "Mobile Game App Development Company",
      "Social Media Developer",
      "PHP Developer",
      "Magento Developer",
      "Shopify Developer",
      "Internet of Things (IoT) Developer",
      "Blockchain Developer",
      "Machine Learning Company",
      "Artificial Intelligence Company",
      "IT Consulting Company",
      "Cloud Computing Company",
      "UX design Company"
    ],
    "portfolios": [
      {
        "des": "Pulse is a management system created to handle the ever-increasing complexity of project management with automated tools all in one place so that users can do more with less.",
        "img": "https://www.appfutura.com/img/default-image-275-209.png"
      },
      {
        "des": "",
        "img": ""
      },
      {
        "des": "Short-term patient guidance model for the transition from hospital to home.",
        "img": "https://www.appfutura.com/img/default-image-275-209.png"
      },
      {
        "des": "",
        "img": ""
      },
      {
        "des": "Qualee is a cloud-based employee onboarding and engagement platform. The app allows companies to create an engaging experience for their new hires quickly and efficiently.",
        "img": "https://www.appfutura.com/img/default-image-275-209.png"
      },
      {
        "des": "",
        "img": ""
      },
      {
        "des": "Green Dragon is an ERP system dedicated to Green Dragon Int’l Logistics that manages a wide range of logistics activities and coordinates cross-functional operations.",
        "img": "https://www.appfutura.com/img/default-image-275-209.png"
      },
      {
        "des": "",
        "img": ""
      }
    ]
  },
  {
    "img": "https://www.appfutura.com/uploads/images/cache/acdbc010a7ae8208cea5da265ea01d131654970719_150_150.png",
    "companyName": "HuviTek - AI Blockchain Software Development",
    "location": " Vietnam, Hà Nội, Hanoi",
    "linkWebsite": "https://www.huvitek.com/?utm_source=AppFutura&utm_medium=Link&utm_campaign=AppFutura",
    "description": "With abundant and highly qualified IT human resources from Vietnam and Southeast Asia at low cost, we provide system integration and software development service, and support our partners on building the offshore development center/team to reduce cost, resolve the problem about shortage of human resource, to pull projects to the finish speedy with the best quality, and taking the time for product/solution/platform to go market.\n\nOur engineers skilled in System Integration, SAP ERP & Enterpise Software Consulting & Implementation, AI & Machine Learning Implementation, Data Analytic, Blockchain Development, Automotive & Embedded Software Development, Mobile & IOT Device Development, Web/Mobile App Development.\n\nOur talent team has top-notch IT consultants and developers who share deep expertise to guarantee the best project outcomes for clients in various industries, such as Banking & Finance, Insurance, Automotive, Media & Entertainment, Retail, Healthcare, Education, etc,...",
    "services": [
      "App Development Company",
      "Web Developer",
      "Software Development Company",
      "Web Design Company",
      "Android App Development Company",
      "iOS App Development Company",
      "iPhone App Development Company",
      "iPad App Development Company",
      "Cross Platform App Development Company",
      "React Native App Development Company",
      "Windows App Development Company",
      "Wearable Developer",
      "Enterprise App Development Company",
      "Education App Development Company",
      "Health & Wellness App Development Company",
      "Mobile Game App Development Company",
      "Social Media Developer",
      "Internet of Things (IoT) Developer",
      "VR & AR Developer",
      "Blockchain Developer",
      "Machine Learning Company",
      "Artificial Intelligence Company",
      "IT Consulting Company",
      "Cloud Computing Company",
      "UX design Company",
      "Graphic Design Company",
      "Design Company"
    ],
    "portfolios": [
      {
        "des": "A startup want to build an AI based solution for facial recognition using for timekeeping, authentication and access control.\n\nWe help them to build an AI engine and web app for this solution\n\nDomain: Startup\n\nResult\n- Accuracy: 96%",
        "img": "https://www.appfutura.com/img/default-image-275-209.png"
      },
      {
        "des": "",
        "img": ""
      }
    ]
  },
  {
    "img": "https://www.appfutura.com/uploads/images/cache/3217bee7f41f6240b99eafb8c81207b11657614164_150_150.png",
    "companyName": "NCCPLUS VIETNAM",
    "location": " Vietnam, Hà Nội, Hanoi",
    "linkWebsite": "https://ncc.asia/?utm_source=AppFutura&utm_medium=Link&utm_campaign=AppFutura",
    "description": "NCC Asia is an experienced team of 300 dedicated employees in many positions such as developers, designers, testers, PM, BA, QC, and QA and we have a great passion for software development and cover the full spectrum of the development process.\n\nNCC Asia has 8 years of experience in offering IT outsourcing services. Our company focuses on outsourcing services including web development, mobile app development, ERP and CMS development, games, software testing, VIOP, IOT& AI, and ODC in many languages.",
    "services": [
      "App Development Company",
      "Web Developer",
      "Web Design Company",
      "Software Development Company",
      "Android App Development Company",
      "iOS App Development Company",
      "iPhone App Development Company",
      "iPad App Development Company",
      "Cross Platform App Development Company",
      "React Native App Development Company",
      "Windows App Development Company",
      "Wearable Developer",
      "Enterprise App Development Company",
      "Education App Development Company",
      "Health & Wellness App Development Company",
      "Mobile Game App Development Company",
      "Social Media Developer",
      "PHP Developer",
      "Wordpress Developer",
      "Magento Developer",
      "Shopify Developer",
      "UX design Company",
      "Graphic Design Company",
      "Logo Design Company",
      "Design Company",
      "Internet of Things (IoT) Developer",
      "VR & AR Developer",
      "Blockchain Developer",
      "Machine Learning Company",
      "Artificial Intelligence Company",
      "IT Consulting Company",
      "Cloud Computing Company"
    ],
    "portfolios": [
      {
        "des": "- NCC product with a lot of advanced features to attract the large player base of Asia Market. \n- The speed of opening a new server is around 4 - 5 servers per week in the first 3 months.",
        "img": "https://www.appfutura.com/img/default-image-275-209.png"
      },
      {
        "des": "",
        "img": ""
      },
      {
        "des": "Mavia is a AAA MMO strategic multiplayer game allowing players to buy land, build a base and battle other players for RUBY.",
        "img": "https://www.appfutura.com/img/default-image-275-209.png"
      },
      {
        "des": "",
        "img": ""
      },
      {
        "des": "Three Kingdoms Original is the first of its kind when it comes to multi-player real-time strategy game. It offers a balanced game mechanic and true strategy, as well as a fair level playing field to all players.",
        "img": "https://www.appfutura.com/img/default-image-275-209.png"
      },
      {
        "des": "",
        "img": ""
      },
      {
        "des": "EventX provides tablet connected to wireless NFC readers for fast events. \n- Pair the secure and sustainable NFC wearable with the EventX visitor app.",
        "img": "https://www.appfutura.com/img/default-image-275-209.png"
      },
      {
        "des": "",
        "img": ""
      },
      {
        "des": "Bee The Move is the social network that allows you to easily solicit your community for their opinions, opinions, and preferences.",
        "img": "https://www.appfutura.com/uploads/works/thumb/cache/514d7ff0835a825a6ab50a4c10581c73_275_275.jpg"
      },
      {
        "des": "",
        "img": ""
      },
      {
        "des": "- Create an inclusive green financial system based on a safe blockchain system.\n- Provide users ability to invest, donate on economy products using Ethereum tokens and Bitcoin, Apple Pay.",
        "img": "https://www.appfutura.com/uploads/works/thumb/cache/082ce6afc51d1b4ef01934373e1cf7e0_275_275.png"
      },
      {
        "des": "",
        "img": ""
      },
      {
        "des": "- Korean Educational App\n- Game Badanamu is an English learning game for children aged from 3 to 5\n- There are images that follow attractive topics designed with child education purpose in mind.",
        "img": "https://www.appfutura.com/uploads/works/thumb/cache/30b1c265acc644654e0320b93419e929_275_275.png"
      },
      {
        "des": "",
        "img": ""
      },
      {
        "des": "Undead Blocks is the world's first multiplayer kill-to-earn zombie survival game on Binance Smart Chain.",
        "img": "https://www.appfutura.com/uploads/works/thumb/cache/ee28c63833b465583c92aa57f52b119a_275_275.png"
      },
      {
        "des": "",
        "img": ""
      },
      {
        "des": "- Dating App, specially designed for Japanese market. \n- All the documents are bi-language in Japanese and English\n- Dating and Scheduling.\n- Matching system based on preferences, hobbies, personality, etc.\nTechnology: Php Laravel. ReactJs. Python. AWS/CICD",
        "img": "https://www.appfutura.com/uploads/works/thumb/cache/da73a39129a0c60713f2f9e6343b82bd_275_275.png"
      },
      {
        "des": "",
        "img": ""
      }
    ]
  },
  {
    "img": "https://www.appfutura.com/uploads/images/cache/ad331ae06e5d113ba704cd8e614d51c21574940098_150_150.png",
    "companyName": "YOONG Solutions Co., LTD",
    "location": " Vietnam, Hồ Chí Minh, Ho Chi Minh City",
    "linkWebsite": "https://yoong.vn/",
    "description": "YOONG is an end-to-end software solution company that specializes in developing custom softwares, friendly websites, highly-usable web apps and also mobile apps for Android, iOS.\n\nWe’re proud to be the strategic partner with more than 330+ innovative entrepreneurs, from early stage startups to internationally recognized enterprises.\n\nOur dear clients just keep their focus on the main business objectives while our expert team takes care of all the rest. Together we create end-to-end digital solutions in 6 steps:\n\n1. Idea Gathering\n2. Business Strategy\n3. UX/UI Design & Technical Architect\n4. Web and Mobile App Development & Testing\n5. Launching\n6. Maintenance & Support\n\nWe always strive hard for the best quality, respect the deadline, fit the budget, and match the needs.\n\nLet's get in touch to talk about your creative ideas!",
    "services": [
      "Software Development Company",
      "Web Developer",
      "Web Design Company",
      "App Development Company",
      "Cloud Computing Company",
      "UX design Company",
      "Design Company",
      "Android App Development Company",
      "iOS App Development Company"
    ],
    "portfolios": [
      {
        "des": "PGworks.vn was born to shorten recruitment time and open job opportunities in the retail industry with specific jobs such as PG, PB, sales consultants, merchandiser, field sales, cashier...",
        "img": "https://www.appfutura.com/img/default-image-275-209.png"
      },
      {
        "des": "",
        "img": ""
      },
      {
        "des": "Desiring to provide all-in-one utility services, TM Group pursues the philosophy of building a closed ecosystem providing flight booking, airport transfers, accommodation service with membership point system.",
        "img": "https://www.appfutura.com/img/default-image-275-209.png"
      },
      {
        "des": "",
        "img": ""
      },
      {
        "des": "Established in the 90s in Yagon, Myanmar, UMG Motor is known as the exclusive assembly and distribution partner of French high-end scooters in Vietnam. With years of experience in the motorcycle industry, UMG has decided to launch scooter models, to bring new standards for users.",
        "img": "https://www.appfutura.com/img/default-image-275-209.png"
      },
      {
        "des": "",
        "img": ""
      },
      {
        "des": "MyU is an online learning marketplace, where students can take courses in everything from programming to yoga or photography and much, much more. Each of our courses is taught by an expert instructor, available on-demand, so students can learn at their own pace, on their own time, and on any device.",
        "img": "https://www.appfutura.com/img/default-image-275-209.png"
      },
      {
        "des": "",
        "img": ""
      },
      {
        "des": "Careplus provide healthcare service with utilities and ease for patients right at their home or workplace. CarePlus clinic first opened in Viet Nam in 2015 and the second in 2016. CarePlus Clinic was fully owned by CityClinic Asia Investments Ple, Ltd.",
        "img": "https://www.appfutura.com/uploads/works/thumb/cache/0ea88560ba4fae9022cb00e67e59dc4d_275_275.png"
      },
      {
        "des": "",
        "img": ""
      },
      {
        "des": "With valuable experience in outdoor, camping accessory manufacturing, Madfox confidently provide best products for your wonderful trip.",
        "img": "https://www.appfutura.com/uploads/works/thumb/cache/c9f87f723d0916e587cb7c2b0f2a1ca6_275_275.png"
      },
      {
        "des": "",
        "img": ""
      },
      {
        "des": "FanFan is the leading trekking, camping outdoor equipment chain stores. FanFan’s warehouse management, sales management, and order management system integrated with website to create comprehensive structure which is total user friendly for both administrators and clients.",
        "img": "https://www.appfutura.com/uploads/works/thumb/cache/03bd5467e27f37a340f0e264ee7cf54f_275_275.png"
      },
      {
        "des": "",
        "img": ""
      },
      {
        "des": "Onecham is a home and neighborhood site for buyers and renters to find homes and neighborhoods across the Vietnam through recommendations, local insights, and map overlays that offer details on commute, reported crime, schools, and nearby businesses.",
        "img": "https://www.appfutura.com/uploads/works/thumb/cache/b39fc9a4d644471f2869548f8acab12a_275_275.png"
      },
      {
        "des": "",
        "img": ""
      },
      {
        "des": "Inspection Tool is an Web and Mobile Application which was used to manage system's progress and quality, also to track and control all problems occuring to every orders without any problems with the geographical problems of all over the world.",
        "img": "https://www.appfutura.com/uploads/works/thumb/cache/acf9daa1782a83141d4db100c4f885c9_275_275.png"
      },
      {
        "des": "",
        "img": ""
      },
      {
        "des": "Hoozing which is an online marketplace for searching and renting long-term accommodations, aims at making house renting hassle-free, trustful, time saving, and simply accessible for everyone with any device.",
        "img": "https://www.appfutura.com/uploads/works/thumb/cache/7e4e96f4e8561fdd59aa307912a3d2e5_275_275.png"
      },
      {
        "des": "",
        "img": ""
      },
      {
        "des": "Vietnam HR Summit is the nationally largest gathering of HR professionals and Business leaders in Vietnam. Vietnam HR Summit merged comprehensive online payment gateway, accept almost domestic, and international cards, simplify payments, and effect conference ticket selling.",
        "img": "https://www.appfutura.com/uploads/works/thumb/cache/2a33f04dd4dbae6f41c04275216d5776_275_275.png"
      },
      {
        "des": "",
        "img": ""
      },
      {
        "des": "Jura is cloud-based point-of-sale and retail management software that lets retailers run their business in-store, online, and via mobile. Jura’s solution includes POS software, inventory management, E-commerce, customer loyalty, and reporting analytics.",
        "img": "https://www.appfutura.com/uploads/works/thumb/cache/924766f32dc83937c79418e8ff2a7034_275_275.png"
      },
      {
        "des": "",
        "img": ""
      }
    ]
  },
  {
    "img": "https://www.appfutura.com/uploads/images/cache/deb514d3af05f9d8d30ffda0db227daa1582806397_150_150.png",
    "companyName": "fram^",
    "location": " Vietnam, Hồ Chí Minh, Ho Chi Minh City",
    "linkWebsite": "https://wearefram.com/",
    "description": "Founded in 2013 in Ho Chi Minh, Vietnam with a small team of developers, fram^ team has been growing the current team of >130 employees across offices in Ho Chi Minh, Da Nang, Colombo and Stockholm.\n\nStarting from the original ecommerce specialism, fram^'s services today have spanned to provides clients with end-to-end digital solutions including Tech Consulting, Digital Consulting, Custom Software Development, Web App Development, Mobile App Development, IT Managed Services, DevOps Services, etc.\n\nWe work in flexible models of engagement across all of the services to provide clients with the ability to scale or change at any time to their needs. Four of our working formats are: Managed Services, Dedicated Team, Build-Operate-Transfer, and Fixed & Flexible Projects.\n\nSince 2017, fram^ has become a group company publicly listed on Nasdaq First North: FRAM B. fram^ is recently proud to be ranked #212 among Europe's 1,000 fastest growing companies by the prestigious Financial Times!",
    "services": [
      "App Development Company",
      "Web Developer",
      "SEO Company",
      "Digital Marketing Company",
      "Software Development Company",
      "Web Design Company",
      "Android App Development Company",
      "iOS App Development Company",
      "iPhone App Development Company",
      "iPad App Development Company",
      "Cross Platform App Development Company",
      "React Native App Development Company",
      "Windows App Development Company",
      "Wearable Developer",
      "Enterprise App Development Company",
      "Education App Development Company",
      "Health & Wellness App Development Company",
      "Mobile Game App Development Company",
      "Social Media Developer",
      "PHP Developer",
      "Wordpress Developer",
      "Drupal Developer",
      "Magento Developer",
      "Shopify Developer",
      "Local SEO Company",
      "App Marketing Company",
      "Advertising Company",
      "PPC Company",
      "Social Media Marketing Company",
      "Content Marketing Company",
      "Digital Agencies ",
      "Creative Agencies ",
      "Branding Company",
      "Email Marketing Company",
      "Market Research Company",
      "Data Analytics Company",
      "Software Testing Company",
      "Internet of Things (IoT) Developer",
      "VR & AR Developer",
      "Blockchain Developer",
      "Machine Learning Company",
      "Artificial Intelligence Company",
      "IT Consulting Company",
      "Cloud Computing Company",
      "UX design Company",
      "Graphic Design Company",
      "Logo Design Company",
      "Design Company"
    ],
    "portfolios": []
  },
  {
    "img": "https://www.appfutura.com/uploads/images/cache/57d34b13f979d4d260b40b0415d2d07c1647598841_150_150.jpg",
    "companyName": "KMS Solutions",
    "location": " Vietnam, Hồ Chí Minh, Ho Chi Minh City",
    "linkWebsite": "https://kms-solutions.asia/?utm_source=AppFutura&utm_medium=Link&utm_campaign=AppFutura",
    "description": "KMS Solutions works closely with leading software companies across the globe to bring the most advanced and innovative technologies to the Asia Pacific. The focus is to help organizations achieve their business goals through world-class fit-for-purpose solutions and proven industry best practices. KMS Solutions’ success is ultimately measured by the positive impact that it makes on the client’s business.",
    "services": [
      "App Development Company",
      "Web Design Company",
      "Software Development Company",
      "Cross Platform App Development Company",
      "UX design Company",
      "IT Consulting Company"
    ],
    "portfolios": []
  },
  {
    "img": "https://www.appfutura.com/uploads/images/cache/9bd7a70e21a2310b7734deaccd4214f01581399846_150_150.png",
    "companyName": "Axon Active",
    "location": " Vietnam, Hồ Chí Minh, Tân Bình",
    "linkWebsite": "https://www.axonactive.com/?utm_source=AppFutura&utm_medium=Link&utm_campaign=AppFutura",
    "description": "Axon Active is a Swiss offshore software development company with strong expertise in Agile software development and a large portfolio of successful international projects, ranging from small businesses to highly complex multi-platform systems for large corporate clients. We builds solid partnerships with our clients by assembling tailored development teams who deliver high-quality, innovative solutions at a very competitive price for your custom software development.",
    "services": [
      "App Development Company",
      "Web Developer",
      "Web Design Company",
      "Software Development Company",
      "Android App Development Company",
      "iOS App Development Company",
      "iPhone App Development Company",
      "iPad App Development Company",
      "Cross Platform App Development Company",
      "React Native App Development Company",
      "Wearable Developer",
      "PHP Developer",
      "Wordpress Developer",
      "Drupal Developer",
      "Magento Developer",
      "Shopify Developer",
      "UX design Company",
      "Graphic Design Company",
      "Logo Design Company",
      "Design Company",
      "Internet of Things (IoT) Developer",
      "Machine Learning Company",
      "Artificial Intelligence Company",
      "Cloud Computing Company"
    ],
    "portfolios": []
  },
  {
    "img": "https://www.appfutura.com/uploads/images/cache/53db5e719ad270a849c022d35ecf7f6e1629259807_150_150.png",
    "companyName": "Powergate Software",
    "location": " Vietnam, Hà Nội, Hanoi",
    "linkWebsite": "https://powergatesoftware.com/",
    "description": "We are a Global Software Product Studio with over 10 years of experience, across different industries with offices in Australia, Canada, The United Kingdom, The United States, and VietNam, from healthcare to fintech... We are highly concerned with nurturing and bringing to life the innovative ideas of our clients and partners, in such a way that it creates a solution center for the community at large.\n\nPowerGate Software is preferred as 150 top technology company and has a plethora of over 200 successfully delivered projects to clients located across the world. Our client case studies demonstrate a 96% satisfaction rate, ranging from small start-up businesses to multi-national conglomerates.",
    "services": [
      "Web Developer",
      "Software Development Company",
      "Web Design Company",
      "PHP Developer",
      "Wordpress Developer",
      "Drupal Developer",
      "Magento Developer",
      "Shopify Developer",
      "IT Consulting Company",
      "UX design Company"
    ],
    "portfolios": [
      {
        "des": "PowerGate team developed and managed one of the most popular e-scooter mobile apps in South East Asia. Our application innovates the way of people move, get people out of their cars and onto scooters.",
        "img": "https://www.appfutura.com/img/default-image-275-209.png"
      },
      {
        "des": "",
        "img": ""
      }
    ]
  },
  {
    "img": "https://www.appfutura.com/uploads/images/cache/2f30c7b9017c12cdde69ec96992b01261548334047_150_150.png",
    "companyName": "NexleCorporation",
    "location": " Vietnam, Hồ Chí Minh, Ho Chi Minh City",
    "linkWebsite": "http://www.nexlesoft.com/",
    "description": "Nexle is a software outsourcing company in Vietnam. We provide Web, Mobile application development and software testing services across different industries. With more than 15 years active in providing offshore development services as independent consultants, we provide software application services to support our clients throughout the entire life cycle of their software products. We provide assistance with scoping and technical specification development, offering technical and business insights gained from our previous projects, design and develop custom software applications and integrate them with legacy and third-party systems and services",
    "services": [
      "App Development Company",
      "Web Design Company",
      "Web Developer",
      "Android App Development Company",
      "iPad App Development Company",
      "iOS App Development Company",
      "iPhone App Development Company",
      "UX design Company"
    ],
    "portfolios": []
  },
  {
    "img": "https://www.appfutura.com/uploads/images/cache/2d791b501d280a6f8458d689cd9be7f51543340215_150_150.png",
    "companyName": "Verztec",
    "location": " Vietnam, Hồ Chí Minh, Ho Chi Minh City",
    "linkWebsite": "http://www.verztec.com/",
    "description": "We are Verztec a leading ISO 9001:2008 Global Content Consulting Company. Verztec assists companies around the Globe to design, develop, localize and publish their global communication messages in over 100 languages across various channels.\n\nRecently we have hired highly professional team of graphic designers, web, software and mobile application developers to be able to provide high quality, fast and long-term services to our existing and potential clients all over the World. In addition, we are highly experienced in any kinds of localization, such as software, mobile application and other types of multimedia.\n\nOur rates for the above said products and services are more than reasonable, if compare with our competitors, but our quality and lead time will satisfied the most exacting customer due to our strict company’s policy and huge experience in cooperation with such big companies as: Google, Intel, IBM, Dell, HP, BMW, VOLVO, GM, P&G, Unilever, SONY, SAMSUNG, MasterCard and many",
    "services": [
      "App Development Company",
      "Web Developer",
      "Web Design Company",
      "iPhone App Development Company",
      "Windows App Development Company",
      "Android App Development Company",
      "iPad App Development Company",
      "iOS App Development Company",
      "Graphic Design Company"
    ],
    "portfolios": []
  }
]