[
  {
    "img": "https://www.appfutura.com/uploads/images/cache/5deec9c764145e649615b416478890e11596801735_150_150.png",
    "companyName": "Magister Marketing and Consultancy",
    "location": " Vietnam, Hà Nội, Hanoi",
    "linkWebsite": "https://magisterco.com/",
    "description": "During our tenor working for well-reputed Marketing consultancy, IT, Telecom and retail companies in the UK, Singapore, Dubai and Vietnam, we as a Marketing Outsourcing Company realised that every organisation how big or small they are they possess great potential. Potential to be bigger and better.\n\nWe also realised to make a company better it’s not only the processes that need to improve but the knowledge and experience of selected individuals who work for the company. A dream we both possessed for a long time could now become a reality. Our dream of working with a handful of employees in an organisation to working with thousands to help organisations to improve their Processers and to take the organisation to the next level by strategic marketing & Consultancy. Based in Vietnam with a multicultural team from Europe and Vietnam we can provide cost-effective solutions to companies all around the globe.",
    "services": [
      "Digital Marketing Company",
      "SEO Company",
      "PPC Company",
      "Branding Company"
    ],
    "portfolios": [
      {
        "des": "A 2 year long term project for Branding and Marketing to assist Beetsoft expand their target market from Japan to other parts of the world specially to the UK, Europe, North America, Australia and some other selected destinations.\n\nProject Value: USD 5,000 - 10,000 Per month",
        "img": "https://www.appfutura.com/img/default-image-275-209.png"
      },
      {
        "des": "",
        "img": ""
      },
      {
        "des": "WANA had to address many problems with Marketing, Brand Building Strategies, Ads Campaign and we found each other as the other part in this Digital Era. \n\nProject Value: USD 5,000 - 10,000 Per month",
        "img": "https://www.appfutura.com/img/default-image-275-209.png"
      },
      {
        "des": "",
        "img": ""
      },
      {
        "des": "The in-house team of Potato Media was lacking in manpower and low performance in the first quarter of 2020. They reached out to Magister team to find a solution.\n\nProject Value: USD 5,000 - 10,000 Per month",
        "img": "https://www.appfutura.com/img/default-image-275-209.png"
      },
      {
        "des": "",
        "img": ""
      },
      {
        "des": "Got 150% increase in online reaches of social media channels. Successful branding resulted in a higher global ranking for the organisation’s official social accounts. \n\nProject Value: USD 5,000 - 10,000 Per month",
        "img": "https://www.appfutura.com/img/default-image-275-209.png"
      },
      {
        "des": "",
        "img": ""
      },
      {
        "des": "Magister team also integrated with The Gallery Exclusive in-house marketing team, provided levels of communication and strategy that allowed our clients to meet marketing objectives, which was beyond their expectations.\n\nProject Value: USD 2, 500 - 5,000 Per month",
        "img": "https://www.appfutura.com/img/default-image-275-209.png"
      },
      {
        "des": "",
        "img": ""
      },
      {
        "des": "As a new face in the IT Industry in Vietnam, BEET Innovators faced up to with many challenges when developing their Marketing Strategy due to the fierce competition within the local market. \n\nProject Value: USD 500 - 1,000 Per month",
        "img": "https://www.appfutura.com/img/default-image-275-209.png"
      },
      {
        "des": "",
        "img": ""
      }
    ]
  },
  {
    "img": "https://www.appfutura.com/uploads/images/cache/d9b3df48b238939ab4764610c594c4e01616650954_150_150.png",
    "companyName": "Leading.vn - Digital & SEO Agency Vietnam",
    "location": " Vietnam, Hồ Chí Minh, Ho Chi Minh City",
    "linkWebsite": "https://leading.vn/",
    "description": "Leading.vn is a professional Digital Marketing Agency based in Ho Chi Minh City. We specialize in providing SEO, PPC, Social Media and Content Marketing services. Moreover, our SEO services guarantee that there is no risks involved, since if it is ineffective, you will not have to make payment.\n\nLEADING is an experienced selection of various marketers dedicated to tackling:\n\nDigital strategy\nWeb design\nWeb development\nSEO (Search Engine Optimization)\nPaid media\nCopywriting\n\nYou can visit our \"Customer Reviews\" page to check out their satisfaction with our services and what sets Leading Digital apart from other agencies.\n\nOur mission is to help you build your brand with results-driven digital marketing campaigns and personalized data.\n\nContact us and develop your brand today.",
    "services": [
      "SEO Company",
      "Digital Marketing Company",
      "Local SEO Company",
      "Advertising Company",
      "PPC Company",
      "Social Media Marketing Company",
      "Content Marketing Company",
      "Digital Agencies "
    ],
    "portfolios": []
  },
  {
    "img": "https://www.appfutura.com/uploads/images/cache/f91f89c5c79b1ba147aaf9bfcd6f32c61625123855_150_150.png",
    "companyName": "Vu Tru So",
    "location": " Vietnam, Hồ Chí Minh, Gò Vấp",
    "linkWebsite": "https://vutruso.com/",
    "description": "Vu Tru So is a professional WordPress Development Agency based in Ho Chi Minh City, Vietnam. Specialized in SEO, Social, and Web Development, the Vu Tru So team works alongside partners to improve online branding visibility and reach clients.\n\n2+ years of WordPress design, development, hosting, speed optimization, product advisor, marketing, monetization. I do all that.",
    "services": [
      "SEO Company",
      "Local SEO Company"
    ],
    "portfolios": [
      {
        "des": "Our WordPress Speed Optimization Services can help you solve slow site problems, fix Core Web Vitals issues, score higher in Google PageSpeed Insights, troubleshoot slow backend issues, optimize Woocommerce checkout speed & much more.",
        "img": "https://www.appfutura.com/img/default-image-275-209.png"
      },
      {
        "des": "",
        "img": ""
      }
    ]
  },
  {
    "img": "https://www.appfutura.com/uploads/images/cache/54d3bdbe71b0589059fb23505b40b44b1556189692_150_150.png",
    "companyName": "Aegona Ltd",
    "location": " Vietnam, Hồ Chí Minh, Tân Thới Hiệp",
    "linkWebsite": "https://www.aegona.com/",
    "description": "Aegona is an IT service company based in Ho Chi Minh city, VietNam. At Aegona we provide Software Development, Software Testing, Automation Testing and Software Maintenance services for North America, Japan, Singapore and VietNam.\nOUR SPECIALITY\n- Microsoft Technology: Asp.Net, Asp.net core, SharePoint, Microsoft Dynamic CRM,...\n- Web Development: Html5/css3, JQuery, AngularJS, Angular2/4, Node.js, ReactJS, VueJS,...\n- Mobile Development: Native Application (iOS, Android, Windows), Hybrid Application (ReactNative, Xamarin)...\n- Cloud-Based Development: Azure Cloud, Amazone Cloud AWS, Google Cloud,...\n- CMS, eCommerce and more: WordPress, Drupal, Laravel, UmbracoCMS, .Net OrchardCMS, Magento, nopCommerce, Blockchain, Ethrereum, Hyperledger...",
    "services": [
      "App Development Company",
      "SEO Company",
      "Web Developer",
      "Software Development Company",
      "Software Testing Company",
      "Android App Development Company",
      "iOS App Development Company",
      "Drupal Developer",
      "Blockchain Developer",
      "Machine Learning Company",
      "Artificial Intelligence Company",
      "IT Consulting Company",
      "Cloud Computing Company"
    ],
    "portfolios": []
  },
  {
    "img": "https://www.appfutura.com/uploads/images/cache/32f4ea64acbb1fa1f9a7384de0f173711574666094_150_150.png",
    "companyName": "Omega Digital",
    "location": " Vietnam, Hồ Chí Minh, Ho Chi Minh City",
    "linkWebsite": "https://www.omegadigital.org/",
    "description": "Build a better brand with done-for-you digital marketing agency services in Ho Chi Minh City, Vietnam. PPC, SEO, & social media marketing. Learn more here: https://www.omegadigital.org/\n\nWe've worked with brands such as Alambé - Finest Vietnamese Coffee, BiaCraft Artisan Ales, Heart of Darkness Craft Brewery, Hoprizon Brewing Company, & Vespa Adventures.\n\nWhat We Do:\nAudit: SEO & social media\nOptimize: Websites (SEO) & social media (management)\nAdvertise: Google Ads & social media ads\n\nWe also take on custom projects for clients who want more than just what you see here. If you have a project brief, you can tell us about it here: https://www.omegadigital.org/contact/\n\nWant to work with us? Visit our website at: https://www.omegadigital.org/",
    "services": [
      "SEO Company",
      "Digital Marketing Company",
      "PPC Company",
      "Social Media Marketing Company",
      "Digital Agencies"
    ],
    "portfolios": []
  },
  {
    "img": "https://www.appfutura.com/uploads/images/cache/deb514d3af05f9d8d30ffda0db227daa1582806397_150_150.png",
    "companyName": "fram^",
    "location": " Vietnam, Hồ Chí Minh, Ho Chi Minh City",
    "linkWebsite": "https://wearefram.com/",
    "description": "Founded in 2013 in Ho Chi Minh, Vietnam with a small team of developers, fram^ team has been growing the current team of >130 employees across offices in Ho Chi Minh, Da Nang, Colombo and Stockholm.\n\nStarting from the original ecommerce specialism, fram^'s services today have spanned to provides clients with end-to-end digital solutions including Tech Consulting, Digital Consulting, Custom Software Development, Web App Development, Mobile App Development, IT Managed Services, DevOps Services, etc.\n\nWe work in flexible models of engagement across all of the services to provide clients with the ability to scale or change at any time to their needs. Four of our working formats are: Managed Services, Dedicated Team, Build-Operate-Transfer, and Fixed & Flexible Projects.\n\nSince 2017, fram^ has become a group company publicly listed on Nasdaq First North: FRAM B. fram^ is recently proud to be ranked #212 among Europe's 1,000 fastest growing companies by the prestigious Financial Times!",
    "services": [
      "App Development Company",
      "Web Developer",
      "SEO Company",
      "Digital Marketing Company",
      "Software Development Company",
      "Web Design Company",
      "Android App Development Company",
      "iOS App Development Company",
      "iPhone App Development Company",
      "iPad App Development Company",
      "Cross Platform App Development Company",
      "React Native App Development Company",
      "Windows App Development Company",
      "Wearable Developer",
      "Enterprise App Development Company",
      "Education App Development Company",
      "Health & Wellness App Development Company",
      "Mobile Game App Development Company",
      "Social Media Developer",
      "PHP Developer",
      "Wordpress Developer",
      "Drupal Developer",
      "Magento Developer",
      "Shopify Developer",
      "Local SEO Company",
      "App Marketing Company",
      "Advertising Company",
      "PPC Company",
      "Social Media Marketing Company",
      "Content Marketing Company",
      "Digital Agencies ",
      "Creative Agencies ",
      "Branding Company",
      "Email Marketing Company",
      "Market Research Company",
      "Data Analytics Company",
      "Software Testing Company",
      "Internet of Things (IoT) Developer",
      "VR & AR Developer",
      "Blockchain Developer",
      "Machine Learning Company",
      "Artificial Intelligence Company",
      "IT Consulting Company",
      "Cloud Computing Company",
      "UX design Company",
      "Graphic Design Company",
      "Logo Design Company",
      "Design Company"
    ],
    "portfolios": []
  },
  {
    "img": "https://www.appfutura.com/uploads/images/cache/e882ba3f4cab63b18dc3dc9cc04d79571610604748_150_150.jpg",
    "companyName": "DIZITECH",
    "location": " Vietnam, Hồ Chí Minh, Tân Phong",
    "linkWebsite": "http://dizitech.vn/",
    "description": "WHO WE ARE?\n\nIn a world where 95% of companies fail, Dizitech will help your brand succeed and prosper! No matter what your goals are – building or strengthening your brand, generating leads, increasing awareness for your products or services, driving qualified traffic to your website or app, reaching your target audience, improving conversion rates, and more – we can help you achieve them all thanks to our expertise in digital marketing, growth hacking, lead generation, conversion rate optimization, and more.\n\nHOW IS DIZITECH DIFFERENT?\n\nHere at Dizitech, we take a “big picture” approach to growth – combining a wide range of digital marketing techniques and tactics along with data analytics and product/service improvement for maximum effectiveness. With all of these elements combined, Dizitech can help you achieve your goals efficiently and effectively.",
    "services": [
      "SEO Company",
      "Digital Marketing Company",
      "Local SEO Company",
      "Advertising Company",
      "Social Media Marketing Company",
      "Content Marketing Company",
      "Digital Agencies ",
      "Creative Agencies ",
      "Branding Company",
      "App Marketing Company"
    ],
    "portfolios": []
  },
  {
    "img": "https://www.appfutura.com/uploads/images/cache/dd7fe63d8975781a91db46f9a96fdd551582543544_150_150.png",
    "companyName": "Netpower AS",
    "location": " Vietnam, Hồ Chí Minh, Ho Chi Minh City",
    "linkWebsite": "https://www.netpower.vn/",
    "description": "We are a software company based in Vietnam, Ho Chi Minh City with headquarter in Norway and subsidiaries in America.\nWe are expertise in:\n\n- Web/Mobile application development\n- E-commerce solutions with multi-platform (especially Magento)\n- Offshore Development Center (dedicated team in Viet Nam)\n\nPlease contact me if you interested in\n+ Email: tuan.mai@netpower.no\n+ Skype: live:fb67ab579744ed59\n+ WhatsApp: +84387544066\nhttps://www.netpower.vn/",
    "services": [
      "App Development Company",
      "SEO Company",
      "Web Developer"
    ],
    "portfolios": []
  },
  {
    "img": "https://www.appfutura.com/uploads/images/cache/7d4173da0cdbf6dc9f07fc598873e3a61611741897_150_150.jpg",
    "companyName": "Prodima Agency",
    "location": " Vietnam, Hồ Chí Minh, Ho Chi Minh City",
    "linkWebsite": "https://prodima.vn/",
    "description": "Prodima is a professional digital marketing agency based in Ho Chi Minh City, Vietnam. Specialized in SEO, PPC, Social, and Web Development, the Prodima team works alongside partners to improve online branding visibility and reach clients.\n\nProdima is an experienced selection of various marketers dedicated to tackling:\n\nDigital strategy\nWeb design\nWeb development\nSEO (Search Engine Optimization)\nPaid media\nCopywriting\n\nWe combat the above digital media matters so that you don’t have to. Prodima provides a growing team of experts available to respond to growing demands for digital transformation. We are available to curate and secure a marketing structure suitable to your business’s needs.",
    "services": [
      "SEO Company",
      "Digital Marketing Company",
      "Content Marketing Company"
    ],
    "portfolios": []
  }
]